retriever,dataset,system,metric,mean,std,min,max,n_seeds,seeds,seed_13,seed_21,seed_42,seed_87,seed_100
hybrid_bm25_faiss,medmcqa,dense,ndcg@5,0.296342,0.000000,0.296342,0.296342,5,13 21 42 87 100,0.296342,0.296342,0.296342,0.296342,0.296342
hybrid_bm25_faiss,medmcqa,dense,ndcg@10,0.328212,0.000000,0.328212,0.328212,5,13 21 42 87 100,0.328212,0.328212,0.328212,0.328212,0.328212
hybrid_bm25_faiss,medmcqa,dense,ndcg@20,0.353160,0.000000,0.353160,0.353160,5,13 21 42 87 100,0.353160,0.353160,0.353160,0.353160,0.353160
hybrid_bm25_faiss,medmcqa,dense,mrr,0.285316,0.000000,0.285316,0.285316,5,13 21 42 87 100,0.285316,0.285316,0.285316,0.285316,0.285316
hybrid_bm25_faiss,medmcqa,dense,mrr@10,0.285316,0.000000,0.285316,0.285316,5,13 21 42 87 100,0.285316,0.285316,0.285316,0.285316,0.285316
hybrid_bm25_faiss,medmcqa,dense,recall@5,0.406949,0.000000,0.406949,0.406949,5,13 21 42 87 100,0.406949,0.406949,0.406949,0.406949,0.406949
hybrid_bm25_faiss,medmcqa,dense,recall@10,0.504908,0.000000,0.504908,0.504908,5,13 21 42 87 100,0.504908,0.504908,0.504908,0.504908,0.504908
hybrid_bm25_faiss,medmcqa,dense,recall@20,0.603062,0.000000,0.603062,0.603062,5,13 21 42 87 100,0.603062,0.603062,0.603062,0.603062,0.603062
hybrid_bm25_faiss,medmcqa,dense,hit@5,0.406949,0.000000,0.406949,0.406949,5,13 21 42 87 100,0.406949,0.406949,0.406949,0.406949,0.406949
hybrid_bm25_faiss,medmcqa,dense,hit@10,0.504908,0.000000,0.504908,0.504908,5,13 21 42 87 100,0.504908,0.504908,0.504908,0.504908,0.504908
hybrid_bm25_faiss,medmcqa,dense,hit@20,0.603062,0.000000,0.603062,0.603062,5,13 21 42 87 100,0.603062,0.603062,0.603062,0.603062,0.603062
hybrid_bm25_faiss,medmcqa,dense,hit@50,0.720259,0.000000,0.720259,0.720259,5,13 21 42 87 100,0.720259,0.720259,0.720259,0.720259,0.720259
hybrid_bm25_faiss,medmcqa,dense,ndcg@100,0.395143,0.000000,0.395143,0.395143,5,13 21 42 87 100,0.395143,0.395143,0.395143,0.395143,0.395143
hybrid_bm25_faiss,medmcqa,dense,ndcg@50,0.376691,0.000000,0.376691,0.376691,5,13 21 42 87 100,0.376691,0.376691,0.376691,0.376691,0.376691
hybrid_bm25_faiss,medmcqa,dense,recall@100,0.838045,0.000000,0.838045,0.838045,5,13 21 42 87 100,0.838045,0.838045,0.838045,0.838045,0.838045
hybrid_bm25_faiss,medmcqa,dense,recall@50,0.720259,0.000000,0.720259,0.720259,5,13 21 42 87 100,0.720259,0.720259,0.720259,0.720259,0.720259
hybrid_bm25_faiss,medmcqa,gardian,ndcg@5,0.388751,0.001543,0.387406,0.391358,5,13 21 42 87 100,0.387921,0.388791,0.388279,0.387406,0.391358
hybrid_bm25_faiss,medmcqa,gardian,ndcg@10,0.424506,0.001769,0.423251,0.427555,5,13 21 42 87 100,0.423251,0.424085,0.424328,0.423310,0.427555
hybrid_bm25_faiss,medmcqa,gardian,ndcg@20,0.448492,0.001185,0.447506,0.450549,5,13 21 42 87 100,0.448129,0.448009,0.447506,0.448269,0.450549
hybrid_bm25_faiss,medmcqa,gardian,mrr,0.372091,0.001492,0.370824,0.374396,5,13 21 42 87 100,0.370824,0.372712,0.371595,0.370927,0.374396
hybrid_bm25_faiss,medmcqa,gardian,mrr@10,0.372091,0.001492,0.370824,0.374396,5,13 21 42 87 100,0.370824,0.372712,0.371595,0.370927,0.374396
hybrid_bm25_faiss,medmcqa,gardian,recall@5,0.514684,0.002130,0.512760,0.518060,5,13 21 42 87 100,0.514920,0.512760,0.514723,0.512956,0.518060
hybrid_bm25_faiss,medmcqa,gardian,recall@10,0.624931,0.002750,0.622104,0.629368,5,13 21 42 87 100,0.624068,0.622104,0.625442,0.623675,0.629368
hybrid_bm25_faiss,medmcqa,gardian,recall@20,0.719081,0.003025,0.715548,0.722026,5,13 21 42 87 100,0.721830,0.715548,0.716333,0.722026,0.719670
hybrid_bm25_faiss,medmcqa,gardian,hit@5,0.514684,0.002130,0.512760,0.518060,5,13 21 42 87 100,0.514920,0.512760,0.514723,0.512956,0.518060
hybrid_bm25_faiss,medmcqa,gardian,hit@10,0.624931,0.002750,0.622104,0.629368,5,13 21 42 87 100,0.624068,0.622104,0.625442,0.623675,0.629368
hybrid_bm25_faiss,medmcqa,gardian,hit@20,0.719081,0.003025,0.715548,0.722026,5,13 21 42 87 100,0.721830,0.715548,0.716333,0.722026,0.719670
hybrid_bm25_faiss,medmcqa,gardian,hit@50,0.815548,0.001876,0.813310,0.818218,5,13 21 42 87 100,0.818218,0.814291,0.815862,0.813310,0.816058
hybrid_bm25_faiss,medmcqa,gardian,ndcg@100,0.471756,0.001219,0.470832,0.473760,5,13 21 42 87 100,0.470840,0.472009,0.471338,0.470832,0.473760
hybrid_bm25_faiss,medmcqa,gardian,ndcg@50,0.467977,0.001263,0.466675,0.470061,5,13 21 42 87 100,0.467519,0.468007,0.467621,0.466675,0.470061
hybrid_bm25_faiss,medmcqa,gardian,recall@100,0.838045,0.000000,0.838045,0.838045,5,13 21 42 87 100,0.838045,0.838045,0.838045,0.838045,0.838045
hybrid_bm25_faiss,medmcqa,gardian,recall@50,0.815548,0.001876,0.813310,0.818218,5,13 21 42 87 100,0.818218,0.814291,0.815862,0.813310,0.816058
hybrid_bm25_faiss,medmcqa,global_alpha,alpha_sparse,0.500000,0.000000,0.500000,0.500000,5,13 21 42 87 100,0.500000,0.500000,0.500000,0.500000,0.500000
hybrid_bm25_faiss,medmcqa,hybrid,ndcg@5,0.344065,0.000000,0.344065,0.344065,5,13 21 42 87 100,0.344065,0.344065,0.344065,0.344065,0.344065
hybrid_bm25_faiss,medmcqa,hybrid,ndcg@10,0.376365,0.000000,0.376365,0.376365,5,13 21 42 87 100,0.376365,0.376365,0.376365,0.376365,0.376365
hybrid_bm25_faiss,medmcqa,hybrid,ndcg@20,0.397376,0.000000,0.397376,0.397376,5,13 21 42 87 100,0.397376,0.397376,0.397376,0.397376,0.397376
hybrid_bm25_faiss,medmcqa,hybrid,mrr,0.331835,0.000000,0.331835,0.331835,5,13 21 42 87 100,0.331835,0.331835,0.331835,0.331835,0.331835
hybrid_bm25_faiss,medmcqa,hybrid,mrr@10,0.331835,0.000000,0.331835,0.331835,5,13 21 42 87 100,0.331835,0.331835,0.331835,0.331835,0.331835
hybrid_bm25_faiss,medmcqa,hybrid,recall@5,0.453082,0.000000,0.453082,0.453082,5,13 21 42 87 100,0.453082,0.453082,0.453082,0.453082,0.453082
hybrid_bm25_faiss,medmcqa,hybrid,recall@10,0.552415,0.000000,0.552415,0.552415,5,13 21 42 87 100,0.552415,0.552415,0.552415,0.552415,0.552415
hybrid_bm25_faiss,medmcqa,hybrid,recall@20,0.635061,0.000000,0.635061,0.635061,5,13 21 42 87 100,0.635061,0.635061,0.635061,0.635061,0.635061
hybrid_bm25_faiss,medmcqa,hybrid,hit@5,0.453082,0.000000,0.453082,0.453082,5,13 21 42 87 100,0.453082,0.453082,0.453082,0.453082,0.453082
hybrid_bm25_faiss,medmcqa,hybrid,hit@10,0.552415,0.000000,0.552415,0.552415,5,13 21 42 87 100,0.552415,0.552415,0.552415,0.552415,0.552415
hybrid_bm25_faiss,medmcqa,hybrid,hit@20,0.635061,0.000000,0.635061,0.635061,5,13 21 42 87 100,0.635061,0.635061,0.635061,0.635061,0.635061
hybrid_bm25_faiss,medmcqa,hybrid,hit@50,0.701021,0.000000,0.701021,0.701021,5,13 21 42 87 100,0.701021,0.701021,0.701021,0.701021,0.701021
hybrid_bm25_faiss,medmcqa,hybrid,ndcg@100,0.434075,0.000000,0.434075,0.434075,5,13 21 42 87 100,0.434075,0.434075,0.434075,0.434075,0.434075
hybrid_bm25_faiss,medmcqa,hybrid,ndcg@50,0.410947,0.000000,0.410947,0.410947,5,13 21 42 87 100,0.410947,0.410947,0.410947,0.410947,0.410947
hybrid_bm25_faiss,medmcqa,hybrid,recall@100,0.838045,0.000000,0.838045,0.838045,5,13 21 42 87 100,0.838045,0.838045,0.838045,0.838045,0.838045
hybrid_bm25_faiss,medmcqa,hybrid,recall@50,0.701021,0.000000,0.701021,0.701021,5,13 21 42 87 100,0.701021,0.701021,0.701021,0.701021,0.701021
hybrid_bm25_faiss,medmcqa,oracle_alpha,ndcg@10,0.508185,0.000000,0.508185,0.508185,5,13 21 42 87 100,0.508185,0.508185,0.508185,0.508185,0.508185
hybrid_bm25_faiss,medmcqa,oracle_alpha,best_alpha_mean,0.188032,0.000000,0.188032,0.188032,5,13 21 42 87 100,0.188032,0.188032,0.188032,0.188032,0.188032
hybrid_bm25_faiss,medmcqa,oracle_alpha,best_alpha_std,0.295398,0.000000,0.295398,0.295398,5,13 21 42 87 100,0.295398,0.295398,0.295398,0.295398,0.295398
hybrid_bm25_faiss,medmcqa,oracle_alpha,invariant_fraction,0.305224,0.000000,0.305224,0.305224,5,13 21 42 87 100,0.305224,0.305224,0.305224,0.305224,0.305224
hybrid_bm25_faiss,medmcqa,oracle_alpha,ndcg@10_gold_in_pool,0.606393,0.000000,0.606393,0.606393,5,13 21 42 87 100,0.606393,0.606393,0.606393,0.606393,0.606393
hybrid_bm25_faiss,medmcqa,oracle_alpha,tie_fraction,0.572080,0.000000,0.572080,0.572080,5,13 21 42 87 100,0.572080,0.572080,0.572080,0.572080,0.572080
hybrid_bm25_faiss,medmcqa,oracle_rerank,ndcg@10,0.838045,0.000000,0.838045,0.838045,5,13 21 42 87 100,0.838045,0.838045,0.838045,0.838045,0.838045
hybrid_bm25_faiss,medmcqa,pool,recall,0.838045,0.000000,0.838045,0.838045,5,13 21 42 87 100,0.838045,0.838045,0.838045,0.838045,0.838045
hybrid_bm25_faiss,medmcqa,rrf,ndcg@5,0.357378,0.000000,0.357378,0.357378,5,13 21 42 87 100,0.357378,0.357378,0.357378,0.357378,0.357378
hybrid_bm25_faiss,medmcqa,rrf,ndcg@10,0.394086,0.000000,0.394086,0.394086,5,13 21 42 87 100,0.394086,0.394086,0.394086,0.394086,0.394086
hybrid_bm25_faiss,medmcqa,rrf,ndcg@20,0.419438,0.000000,0.419438,0.419438,5,13 21 42 87 100,0.419438,0.419438,0.419438,0.419438,0.419438
hybrid_bm25_faiss,medmcqa,rrf,mrr,0.342005,0.000000,0.342005,0.342005,5,13 21 42 87 100,0.342005,0.342005,0.342005,0.342005,0.342005
hybrid_bm25_faiss,medmcqa,rrf,mrr@10,0.342005,0.000000,0.342005,0.342005,5,13 21 42 87 100,0.342005,0.342005,0.342005,0.342005,0.342005
hybrid_bm25_faiss,medmcqa,rrf,recall@5,0.482921,0.000000,0.482921,0.482921,5,13 21 42 87 100,0.482921,0.482921,0.482921,0.482921,0.482921
hybrid_bm25_faiss,medmcqa,rrf,recall@10,0.596388,0.000000,0.596388,0.596388,5,13 21 42 87 100,0.596388,0.596388,0.596388,0.596388,0.596388
hybrid_bm25_faiss,medmcqa,rrf,recall@20,0.695917,0.000000,0.695917,0.695917,5,13 21 42 87 100,0.695917,0.695917,0.695917,0.695917,0.695917
hybrid_bm25_faiss,medmcqa,rrf,hit@5,0.482921,0.000000,0.482921,0.482921,5,13 21 42 87 100,0.482921,0.482921,0.482921,0.482921,0.482921
hybrid_bm25_faiss,medmcqa,rrf,hit@10,0.596388,0.000000,0.596388,0.596388,5,13 21 42 87 100,0.596388,0.596388,0.596388,0.596388,0.596388
hybrid_bm25_faiss,medmcqa,rrf,hit@20,0.695917,0.000000,0.695917,0.695917,5,13 21 42 87 100,0.695917,0.695917,0.695917,0.695917,0.695917
hybrid_bm25_faiss,medmcqa,rrf,hit@50,0.792501,0.000000,0.792501,0.792501,5,13 21 42 87 100,0.792501,0.792501,0.792501,0.792501,0.792501
hybrid_bm25_faiss,medmcqa,rrf,ndcg@100,0.446186,0.000000,0.446186,0.446186,5,13 21 42 87 100,0.446186,0.446186,0.446186,0.446186,0.446186
hybrid_bm25_faiss,medmcqa,rrf,ndcg@50,0.438696,0.000000,0.438696,0.438696,5,13 21 42 87 100,0.438696,0.438696,0.438696,0.438696,0.438696
hybrid_bm25_faiss,medmcqa,rrf,recall@100,0.838045,0.000000,0.838045,0.838045,5,13 21 42 87 100,0.838045,0.838045,0.838045,0.838045,0.838045
hybrid_bm25_faiss,medmcqa,rrf,recall@50,0.792501,0.000000,0.792501,0.792501,5,13 21 42 87 100,0.792501,0.792501,0.792501,0.792501,0.792501
hybrid_bm25_faiss,medmcqa,sparse,ndcg@5,0.329797,0.000000,0.329797,0.329797,5,13 21 42 87 100,0.329797,0.329797,0.329797,0.329797,0.329797
hybrid_bm25_faiss,medmcqa,sparse,ndcg@10,0.359827,0.000000,0.359827,0.359827,5,13 21 42 87 100,0.359827,0.359827,0.359827,0.359827,0.359827
hybrid_bm25_faiss,medmcqa,sparse,ndcg@20,0.380585,0.000000,0.380585,0.380585,5,13 21 42 87 100,0.380585,0.380585,0.380585,0.380585,0.380585
hybrid_bm25_faiss,medmcqa,sparse,mrr,0.317894,0.000000,0.317894,0.317894,5,13 21 42 87 100,0.317894,0.317894,0.317894,0.317894,0.317894
hybrid_bm25_faiss,medmcqa,sparse,mrr@10,0.317894,0.000000,0.317894,0.317894,5,13 21 42 87 100,0.317894,0.317894,0.317894,0.317894,0.317894
hybrid_bm25_faiss,medmcqa,sparse,recall@5,0.436003,0.000000,0.436003,0.436003,5,13 21 42 87 100,0.436003,0.436003,0.436003,0.436003,0.436003
hybrid_bm25_faiss,medmcqa,sparse,recall@10,0.527876,0.000000,0.527876,0.527876,5,13 21 42 87 100,0.527876,0.527876,0.527876,0.527876,0.527876
hybrid_bm25_faiss,medmcqa,sparse,recall@20,0.609541,0.000000,0.609541,0.609541,5,13 21 42 87 100,0.609541,0.609541,0.609541,0.609541,0.609541
hybrid_bm25_faiss,medmcqa,sparse,hit@5,0.436003,0.000000,0.436003,0.436003,5,13 21 42 87 100,0.436003,0.436003,0.436003,0.436003,0.436003
hybrid_bm25_faiss,medmcqa,sparse,hit@10,0.527876,0.000000,0.527876,0.527876,5,13 21 42 87 100,0.527876,0.527876,0.527876,0.527876,0.527876
hybrid_bm25_faiss,medmcqa,sparse,hit@20,0.609541,0.000000,0.609541,0.609541,5,13 21 42 87 100,0.609541,0.609541,0.609541,0.609541,0.609541
hybrid_bm25_faiss,medmcqa,sparse,hit@50,0.700432,0.000000,0.700432,0.700432,5,13 21 42 87 100,0.700432,0.700432,0.700432,0.700432,0.700432
hybrid_bm25_faiss,medmcqa,sparse,ndcg@100,0.420821,0.000000,0.420821,0.420821,5,13 21 42 87 100,0.420821,0.420821,0.420821,0.420821,0.420821
hybrid_bm25_faiss,medmcqa,sparse,ndcg@50,0.398891,0.000000,0.398891,0.398891,5,13 21 42 87 100,0.398891,0.398891,0.398891,0.398891,0.398891
hybrid_bm25_faiss,medmcqa,sparse,recall@100,0.838045,0.000000,0.838045,0.838045,5,13 21 42 87 100,0.838045,0.838045,0.838045,0.838045,0.838045
hybrid_bm25_faiss,medmcqa,sparse,recall@50,0.700432,0.000000,0.700432,0.700432,5,13 21 42 87 100,0.700432,0.700432,0.700432,0.700432,0.700432
hybrid_bm25_faiss,pubmedqa_artificial,dense,ndcg@5,0.666128,0.000000,0.666128,0.666128,5,13 21 42 87 100,0.666128,0.666128,0.666128,0.666128,0.666128
hybrid_bm25_faiss,pubmedqa_artificial,dense,ndcg@10,0.709525,0.000000,0.709525,0.709525,5,13 21 42 87 100,0.709525,0.709525,0.709525,0.709525,0.709525
hybrid_bm25_faiss,pubmedqa_artificial,dense,ndcg@20,0.738194,0.000000,0.738194,0.738194,5,13 21 42 87 100,0.738194,0.738194,0.738194,0.738194,0.738194
hybrid_bm25_faiss,pubmedqa_artificial,dense,mrr,0.851176,0.000000,0.851176,0.851176,5,13 21 42 87 100,0.851176,0.851176,0.851176,0.851176,0.851176
hybrid_bm25_faiss,pubmedqa_artificial,dense,mrr@10,0.851176,0.000000,0.851176,0.851176,5,13 21 42 87 100,0.851176,0.851176,0.851176,0.851176,0.851176
hybrid_bm25_faiss,pubmedqa_artificial,dense,recall@5,0.660222,0.000000,0.660222,0.660222,5,13 21 42 87 100,0.660222,0.660222,0.660222,0.660222,0.660222
hybrid_bm25_faiss,pubmedqa_artificial,dense,recall@10,0.759833,0.000000,0.759833,0.759833,5,13 21 42 87 100,0.759833,0.759833,0.759833,0.759833,0.759833
hybrid_bm25_faiss,pubmedqa_artificial,dense,recall@20,0.844290,0.000000,0.844290,0.844290,5,13 21 42 87 100,0.844290,0.844290,0.844290,0.844290,0.844290
hybrid_bm25_faiss,pubmedqa_artificial,dense,hit@5,0.929026,0.000000,0.929026,0.929026,5,13 21 42 87 100,0.929026,0.929026,0.929026,0.929026,0.929026
hybrid_bm25_faiss,pubmedqa_artificial,dense,hit@10,0.959161,0.000000,0.959161,0.959161,5,13 21 42 87 100,0.959161,0.959161,0.959161,0.959161,0.959161
hybrid_bm25_faiss,pubmedqa_artificial,dense,hit@20,0.976123,0.000000,0.976123,0.976123,5,13 21 42 87 100,0.976123,0.976123,0.976123,0.976123,0.976123
hybrid_bm25_faiss,pubmedqa_artificial,dense,hit@50,0.988912,0.000000,0.988912,0.988912,5,13 21 42 87 100,0.988912,0.988912,0.988912,0.988912,0.988912
hybrid_bm25_faiss,pubmedqa_artificial,dense,ndcg@100,0.775339,0.000000,0.775339,0.775339,5,13 21 42 87 100,0.775339,0.775339,0.775339,0.775339,0.775339
hybrid_bm25_faiss,pubmedqa_artificial,dense,ndcg@50,0.763860,0.000000,0.763860,0.763860,5,13 21 42 87 100,0.763860,0.763860,0.763860,0.763860,0.763860
hybrid_bm25_faiss,pubmedqa_artificial,dense,recall@100,0.995279,0.000000,0.995279,0.995279,5,13 21 42 87 100,0.995279,0.995279,0.995279,0.995279,0.995279
hybrid_bm25_faiss,pubmedqa_artificial,dense,recall@50,0.941021,0.000000,0.941021,0.941021,5,13 21 42 87 100,0.941021,0.941021,0.941021,0.941021,0.941021
hybrid_bm25_faiss,pubmedqa_artificial,gardian,ndcg@5,0.753654,0.000911,0.752511,0.754812,5,13 21 42 87 100,0.754812,0.754318,0.753372,0.753259,0.752511
hybrid_bm25_faiss,pubmedqa_artificial,gardian,ndcg@10,0.792043,0.001026,0.790818,0.793479,5,13 21 42 87 100,0.793479,0.792383,0.792205,0.791331,0.790818
hybrid_bm25_faiss,pubmedqa_artificial,gardian,ndcg@20,0.815860,0.001102,0.814361,0.817267,5,13 21 42 87 100,0.817267,0.816379,0.816019,0.815275,0.814361
hybrid_bm25_faiss,pubmedqa_artificial,gardian,mrr,0.908969,0.000900,0.908257,0.910202,5,13 21 42 87 100,0.909654,0.910202,0.908257,0.908455,0.908277
hybrid_bm25_faiss,pubmedqa_artificial,gardian,mrr@10,0.908969,0.000900,0.908257,0.910202,5,13 21 42 87 100,0.909654,0.910202,0.908257,0.908455,0.908277
hybrid_bm25_faiss,pubmedqa_artificial,gardian,recall@5,0.749067,0.000631,0.748490,0.750130,5,13 21 42 87 100,0.750130,0.749061,0.748918,0.748738,0.748490
hybrid_bm25_faiss,pubmedqa_artificial,gardian,recall@10,0.836430,0.001319,0.835267,0.838295,5,13 21 42 87 100,0.838295,0.835677,0.837339,0.835267,0.835571
hybrid_bm25_faiss,pubmedqa_artificial,gardian,recall@20,0.906136,0.001404,0.904434,0.908041,5,13 21 42 87 100,0.908041,0.905878,0.906964,0.905360,0.904434
hybrid_bm25_faiss,pubmedqa_artificial,gardian,hit@5,0.964771,0.000352,0.964486,0.965254,5,13 21 42 87 100,0.964595,0.965254,0.964486,0.964486,0.965035
hybrid_bm25_faiss,pubmedqa_artificial,gardian,hit@10,0.979493,0.000331,0.979087,0.979910,5,13 21 42 87 100,0.979910,0.979087,0.979745,0.979361,0.979361
hybrid_bm25_faiss,pubmedqa_artificial,gardian,hit@20,0.988363,0.000190,0.988034,0.988473,5,13 21 42 87 100,0.988473,0.988034,0.988473,0.988473,0.988363
hybrid_bm25_faiss,pubmedqa_artificial,gardian,hit@50,0.993874,0.000074,0.993797,0.993962,5,13 21 42 87 100,0.993962,0.993907,0.993797,0.993907,0.993797
hybrid_bm25_faiss,pubmedqa_artificial,gardian,ndcg@100,0.838930,0.000809,0.837838,0.839890,5,13 21 42 87 100,0.839890,0.839514,0.838883,0.838527,0.837838
hybrid_bm25_faiss,pubmedqa_artificial,gardian,ndcg@50,0.834607,0.000919,0.833454,0.835793,5,13 21 42 87 100,0.835793,0.835170,0.834579,0.834040,0.833454
hybrid_bm25_faiss,pubmedqa_artificial,gardian,recall@100,0.995279,0.000000,0.995279,0.995279,5,13 21 42 87 100,0.995279,0.995279,0.995279,0.995279,0.995279
hybrid_bm25_faiss,pubmedqa_artificial,gardian,recall@50,0.975945,0.000655,0.975244,0.976994,5,13 21 42 87 100,0.976994,0.975858,0.976015,0.975244,0.975611
hybrid_bm25_faiss,pubmedqa_artificial,global_alpha,alpha_sparse,0.400000,0.000000,0.400000,0.400000,5,13 21 42 87 100,0.400000,0.400000,0.400000,0.400000,0.400000
hybrid_bm25_faiss,pubmedqa_artificial,hybrid,ndcg@5,0.629579,0.000000,0.629579,0.629579,5,13 21 42 87 100,0.629579,0.629579,0.629579,0.629579,0.629579
hybrid_bm25_faiss,pubmedqa_artificial,hybrid,ndcg@10,0.660520,0.000000,0.660520,0.660520,5,13 21 42 87 100,0.660520,0.660520,0.660520,0.660520,0.660520
hybrid_bm25_faiss,pubmedqa_artificial,hybrid,ndcg@20,0.681446,0.000000,0.681446,0.681446,5,13 21 42 87 100,0.681446,0.681446,0.681446,0.681446,0.681446
hybrid_bm25_faiss,pubmedqa_artificial,hybrid,mrr,0.840833,0.000000,0.840833,0.840833,5,13 21 42 87 100,0.840833,0.840833,0.840833,0.840833,0.840833
hybrid_bm25_faiss,pubmedqa_artificial,hybrid,mrr@10,0.840833,0.000000,0.840833,0.840833,5,13 21 42 87 100,0.840833,0.840833,0.840833,0.840833,0.840833
hybrid_bm25_faiss,pubmedqa_artificial,hybrid,recall@5,0.608525,0.000000,0.608525,0.608525,5,13 21 42 87 100,0.608525,0.608525,0.608525,0.608525,0.608525
hybrid_bm25_faiss,pubmedqa_artificial,hybrid,recall@10,0.679332,0.000000,0.679332,0.679332,5,13 21 42 87 100,0.679332,0.679332,0.679332,0.679332,0.679332
hybrid_bm25_faiss,pubmedqa_artificial,hybrid,recall@20,0.740941,0.000000,0.740941,0.740941,5,13 21 42 87 100,0.740941,0.740941,0.740941,0.740941,0.740941
hybrid_bm25_faiss,pubmedqa_artificial,hybrid,hit@5,0.913986,0.000000,0.913986,0.913986,5,13 21 42 87 100,0.913986,0.913986,0.913986,0.913986,0.913986
hybrid_bm25_faiss,pubmedqa_artificial,hybrid,hit@10,0.941377,0.000000,0.941377,0.941377,5,13 21 42 87 100,0.941377,0.941377,0.941377,0.941377,0.941377
hybrid_bm25_faiss,pubmedqa_artificial,hybrid,hit@20,0.961796,0.000000,0.961796,0.961796,5,13 21 42 87 100,0.961796,0.961796,0.961796,0.961796,0.961796
hybrid_bm25_faiss,pubmedqa_artificial,hybrid,hit@50,0.971457,0.000000,0.971457,0.971457,5,13 21 42 87 100,0.971457,0.971457,0.971457,0.971457,0.971457
hybrid_bm25_faiss,pubmedqa_artificial,hybrid,ndcg@100,0.741570,0.000000,0.741570,0.741570,5,13 21 42 87 100,0.741570,0.741570,0.741570,0.741570,0.741570
hybrid_bm25_faiss,pubmedqa_artificial,hybrid,ndcg@50,0.694827,0.000000,0.694827,0.694827,5,13 21 42 87 100,0.694827,0.694827,0.694827,0.694827,0.694827
hybrid_bm25_faiss,pubmedqa_artificial,hybrid,recall@100,0.995279,0.000000,0.995279,0.995279,5,13 21 42 87 100,0.995279,0.995279,0.995279,0.995279,0.995279
hybrid_bm25_faiss,pubmedqa_artificial,hybrid,recall@50,0.789697,0.000000,0.789697,0.789697,5,13 21 42 87 100,0.789697,0.789697,0.789697,0.789697,0.789697
hybrid_bm25_faiss,pubmedqa_artificial,oracle_alpha,ndcg@10,0.817276,0.000000,0.817276,0.817276,5,13 21 42 87 100,0.817276,0.817276,0.817276,0.817276,0.817276
hybrid_bm25_faiss,pubmedqa_artificial,oracle_alpha,best_alpha_mean,0.161962,0.000000,0.161962,0.161962,5,13 21 42 87 100,0.161962,0.161962,0.161962,0.161962,0.161962
hybrid_bm25_faiss,pubmedqa_artificial,oracle_alpha,best_alpha_std,0.272357,0.000000,0.272357,0.272357,5,13 21 42 87 100,0.272357,0.272357,0.272357,0.272357,0.272357
hybrid_bm25_faiss,pubmedqa_artificial,oracle_alpha,invariant_fraction,0.186962,0.000000,0.186962,0.186962,5,13 21 42 87 100,0.186962,0.186962,0.186962,0.186962,0.186962
hybrid_bm25_faiss,pubmedqa_artificial,oracle_alpha,ndcg@10_gold_in_pool,0.821152,0.000000,0.821152,0.821152,5,13 21 42 87 100,0.821152,0.821152,0.821152,0.821152,0.821152
hybrid_bm25_faiss,pubmedqa_artificial,oracle_alpha,tie_fraction,0.449573,0.000000,0.449573,0.449573,5,13 21 42 87 100,0.449573,0.449573,0.449573,0.449573,0.449573
hybrid_bm25_faiss,pubmedqa_artificial,oracle_rerank,ndcg@10,0.995279,0.000000,0.995279,0.995279,5,13 21 42 87 100,0.995279,0.995279,0.995279,0.995279,0.995279
hybrid_bm25_faiss,pubmedqa_artificial,pool,recall,0.995279,0.000000,0.995279,0.995279,5,13 21 42 87 100,0.995279,0.995279,0.995279,0.995279,0.995279
hybrid_bm25_faiss,pubmedqa_artificial,rrf,ndcg@5,0.682247,0.000000,0.682247,0.682247,5,13 21 42 87 100,0.682247,0.682247,0.682247,0.682247,0.682247
hybrid_bm25_faiss,pubmedqa_artificial,rrf,ndcg@10,0.724521,0.000000,0.724521,0.724521,5,13 21 42 87 100,0.724521,0.724521,0.724521,0.724521,0.724521
hybrid_bm25_faiss,pubmedqa_artificial,rrf,ndcg@20,0.756290,0.000000,0.756290,0.756290,5,13 21 42 87 100,0.756290,0.756290,0.756290,0.756290,0.756290
hybrid_bm25_faiss,pubmedqa_artificial,rrf,mrr,0.878528,0.000000,0.878528,0.878528,5,13 21 42 87 100,0.878528,0.878528,0.878528,0.878528,0.878528
hybrid_bm25_faiss,pubmedqa_artificial,rrf,mrr@10,0.878528,0.000000,0.878528,0.878528,5,13 21 42 87 100,0.878528,0.878528,0.878528,0.878528,0.878528
hybrid_bm25_faiss,pubmedqa_artificial,rrf,recall@5,0.668514,0.000000,0.668514,0.668514,5,13 21 42 87 100,0.668514,0.668514,0.668514,0.668514,0.668514
hybrid_bm25_faiss,pubmedqa_artificial,rrf,recall@10,0.765411,0.000000,0.765411,0.765411,5,13 21 42 87 100,0.765411,0.765411,0.765411,0.765411,0.765411
hybrid_bm25_faiss,pubmedqa_artificial,rrf,recall@20,0.858121,0.000000,0.858121,0.858121,5,13 21 42 87 100,0.858121,0.858121,0.858121,0.858121,0.858121
hybrid_bm25_faiss,pubmedqa_artificial,rrf,hit@5,0.945713,0.000000,0.945713,0.945713,5,13 21 42 87 100,0.945713,0.945713,0.945713,0.945713,0.945713
hybrid_bm25_faiss,pubmedqa_artificial,rrf,hit@10,0.968383,0.000000,0.968383,0.968383,5,13 21 42 87 100,0.968383,0.968383,0.968383,0.968383,0.968383
hybrid_bm25_faiss,pubmedqa_artificial,rrf,hit@20,0.983807,0.000000,0.983807,0.983807,5,13 21 42 87 100,0.983807,0.983807,0.983807,0.983807,0.983807
hybrid_bm25_faiss,pubmedqa_artificial,rrf,hit@50,0.991986,0.000000,0.991986,0.991986,5,13 21 42 87 100,0.991986,0.991986,0.991986,0.991986,0.991986
hybrid_bm25_faiss,pubmedqa_artificial,rrf,ndcg@100,0.790644,0.000000,0.790644,0.790644,5,13 21 42 87 100,0.790644,0.790644,0.790644,0.790644,0.790644
hybrid_bm25_faiss,pubmedqa_artificial,rrf,ndcg@50,0.780154,0.000000,0.780154,0.780154,5,13 21 42 87 100,0.780154,0.780154,0.780154,0.780154,0.780154
hybrid_bm25_faiss,pubmedqa_artificial,rrf,recall@100,0.995279,0.000000,0.995279,0.995279,5,13 21 42 87 100,0.995279,0.995279,0.995279,0.995279,0.995279
hybrid_bm25_faiss,pubmedqa_artificial,rrf,recall@50,0.947146,0.000000,0.947146,0.947146,5,13 21 42 87 100,0.947146,0.947146,0.947146,0.947146,0.947146
hybrid_bm25_faiss,pubmedqa_artificial,sparse,ndcg@5,0.612289,0.000000,0.612289,0.612289,5,13 21 42 87 100,0.612289,0.612289,0.612289,0.612289,0.612289
hybrid_bm25_faiss,pubmedqa_artificial,sparse,ndcg@10,0.642025,0.000000,0.642025,0.642025,5,13 21 42 87 100,0.642025,0.642025,0.642025,0.642025,0.642025
hybrid_bm25_faiss,pubmedqa_artificial,sparse,ndcg@20,0.662488,0.000000,0.662488,0.662488,5,13 21 42 87 100,0.662488,0.662488,0.662488,0.662488,0.662488
hybrid_bm25_faiss,pubmedqa_artificial,sparse,mrr,0.827979,0.000000,0.827979,0.827979,5,13 21 42 87 100,0.827979,0.827979,0.827979,0.827979,0.827979
hybrid_bm25_faiss,pubmedqa_artificial,sparse,mrr@10,0.827979,0.000000,0.827979,0.827979,5,13 21 42 87 100,0.827979,0.827979,0.827979,0.827979,0.827979
hybrid_bm25_faiss,pubmedqa_artificial,sparse,recall@5,0.589275,0.000000,0.589275,0.589275,5,13 21 42 87 100,0.589275,0.589275,0.589275,0.589275,0.589275
hybrid_bm25_faiss,pubmedqa_artificial,sparse,recall@10,0.657396,0.000000,0.657396,0.657396,5,13 21 42 87 100,0.657396,0.657396,0.657396,0.657396,0.657396
hybrid_bm25_faiss,pubmedqa_artificial,sparse,recall@20,0.717546,0.000000,0.717546,0.717546,5,13 21 42 87 100,0.717546,0.717546,0.717546,0.717546,0.717546
hybrid_bm25_faiss,pubmedqa_artificial,sparse,hit@5,0.899660,0.000000,0.899660,0.899660,5,13 21 42 87 100,0.899660,0.899660,0.899660,0.899660,0.899660
hybrid_bm25_faiss,pubmedqa_artificial,sparse,hit@10,0.930124,0.000000,0.930124,0.930124,5,13 21 42 87 100,0.930124,0.930124,0.930124,0.930124,0.930124
hybrid_bm25_faiss,pubmedqa_artificial,sparse,hit@20,0.952519,0.000000,0.952519,0.952519,5,13 21 42 87 100,0.952519,0.952519,0.952519,0.952519,0.952519
hybrid_bm25_faiss,pubmedqa_artificial,sparse,hit@50,0.971457,0.000000,0.971457,0.971457,5,13 21 42 87 100,0.971457,0.971457,0.971457,0.971457,0.971457
hybrid_bm25_faiss,pubmedqa_artificial,sparse,ndcg@100,0.725391,0.000000,0.725391,0.725391,5,13 21 42 87 100,0.725391,0.725391,0.725391,0.725391,0.725391
hybrid_bm25_faiss,pubmedqa_artificial,sparse,ndcg@50,0.681681,0.000000,0.681681,0.681681,5,13 21 42 87 100,0.681681,0.681681,0.681681,0.681681,0.681681
hybrid_bm25_faiss,pubmedqa_artificial,sparse,recall@100,0.995279,0.000000,0.995279,0.995279,5,13 21 42 87 100,0.995279,0.995279,0.995279,0.995279,0.995279
hybrid_bm25_faiss,pubmedqa_artificial,sparse,recall@50,0.789697,0.000000,0.789697,0.789697,5,13 21 42 87 100,0.789697,0.789697,0.789697,0.789697,0.789697
hybrid_bm25_faiss,pubmedqa_labeled,dense,ndcg@5,0.861468,0.000000,0.861468,0.861468,5,13 21 42 87 100,0.861468,0.861468,0.861468,0.861468,0.861468
hybrid_bm25_faiss,pubmedqa_labeled,dense,ndcg@10,0.892227,0.000000,0.892227,0.892227,5,13 21 42 87 100,0.892227,0.892227,0.892227,0.892227,0.892227
hybrid_bm25_faiss,pubmedqa_labeled,dense,ndcg@20,0.908788,0.000000,0.908788,0.908788,5,13 21 42 87 100,0.908788,0.908788,0.908788,0.908788,0.908788
hybrid_bm25_faiss,pubmedqa_labeled,dense,mrr,0.977614,0.000000,0.977614,0.977614,5,13 21 42 87 100,0.977614,0.977614,0.977614,0.977614,0.977614
hybrid_bm25_faiss,pubmedqa_labeled,dense,mrr@10,0.977614,0.000000,0.977614,0.977614,5,13 21 42 87 100,0.977614,0.977614,0.977614,0.977614,0.977614
hybrid_bm25_faiss,pubmedqa_labeled,dense,recall@5,0.841512,0.000000,0.841512,0.841512,5,13 21 42 87 100,0.841512,0.841512,0.841512,0.841512,0.841512
hybrid_bm25_faiss,pubmedqa_labeled,dense,recall@10,0.908195,0.000000,0.908195,0.908195,5,13 21 42 87 100,0.908195,0.908195,0.908195,0.908195,0.908195
hybrid_bm25_faiss,pubmedqa_labeled,dense,recall@20,0.953805,0.000000,0.953805,0.953805,5,13 21 42 87 100,0.953805,0.953805,0.953805,0.953805,0.953805
hybrid_bm25_faiss,pubmedqa_labeled,dense,hit@5,0.989000,0.000000,0.989000,0.989000,5,13 21 42 87 100,0.989000,0.989000,0.989000,0.989000,0.989000
hybrid_bm25_faiss,pubmedqa_labeled,dense,hit@10,0.993000,0.000000,0.993000,0.993000,5,13 21 42 87 100,0.993000,0.993000,0.993000,0.993000,0.993000
hybrid_bm25_faiss,pubmedqa_labeled,dense,hit@20,0.996000,0.000000,0.996000,0.996000,5,13 21 42 87 100,0.996000,0.996000,0.996000,0.996000,0.996000
hybrid_bm25_faiss,pubmedqa_labeled,dense,hit@50,0.999000,0.000000,0.999000,0.999000,5,13 21 42 87 100,0.999000,0.999000,0.999000,0.999000,0.999000
hybrid_bm25_faiss,pubmedqa_labeled,dense,ndcg@100,0.921137,0.000000,0.921137,0.921137,5,13 21 42 87 100,0.921137,0.921137,0.921137,0.921137,0.921137
hybrid_bm25_faiss,pubmedqa_labeled,dense,ndcg@50,0.918087,0.000000,0.918087,0.918087,5,13 21 42 87 100,0.918087,0.918087,0.918087,0.918087,0.918087
hybrid_bm25_faiss,pubmedqa_labeled,dense,recall@100,1.000000,0.000000,1.000000,1.000000,5,13 21 42 87 100,1.000000,1.000000,1.000000,1.000000,1.000000
hybrid_bm25_faiss,pubmedqa_labeled,dense,recall@50,0.986790,0.000000,0.986790,0.986790,5,13 21 42 87 100,0.986790,0.986790,0.986790,0.986790,0.986790
hybrid_bm25_faiss,pubmedqa_labeled,gardian,ndcg@5,0.878817,0.001315,0.877210,0.880667,5,13 21 42 87 100,0.879135,0.877964,0.879106,0.877210,0.880667
hybrid_bm25_faiss,pubmedqa_labeled,gardian,ndcg@10,0.906571,0.001923,0.904359,0.908820,5,13 21 42 87 100,0.908820,0.904813,0.907062,0.904359,0.907801
hybrid_bm25_faiss,pubmedqa_labeled,gardian,ndcg@20,0.920847,0.001958,0.918663,0.923473,5,13 21 42 87 100,0.923473,0.919220,0.921036,0.918663,0.921842
hybrid_bm25_faiss,pubmedqa_labeled,gardian,mrr,0.981900,0.000533,0.981571,0.982846,5,13 21 42 87 100,0.981730,0.982846,0.981718,0.981634,0.981571
hybrid_bm25_faiss,pubmedqa_labeled,gardian,mrr@10,0.981900,0.000533,0.981571,0.982846,5,13 21 42 87 100,0.981730,0.982846,0.981718,0.981634,0.981571
hybrid_bm25_faiss,pubmedqa_labeled,gardian,recall@5,0.860374,0.001811,0.858679,0.863295,5,13 21 42 87 100,0.859979,0.859179,0.860738,0.858679,0.863295
hybrid_bm25_faiss,pubmedqa_labeled,gardian,recall@10,0.921352,0.002919,0.918214,0.924948,5,13 21 42 87 100,0.924948,0.918464,0.922471,0.918214,0.922664
hybrid_bm25_faiss,pubmedqa_labeled,gardian,recall@20,0.961028,0.003263,0.958133,0.966183,5,13 21 42 87 100,0.966183,0.958333,0.960874,0.958133,0.961617
hybrid_bm25_faiss,pubmedqa_labeled,gardian,hit@5,0.991400,0.000548,0.991000,0.992000,5,13 21 42 87 100,0.991000,0.992000,0.991000,0.991000,0.992000
hybrid_bm25_faiss,pubmedqa_labeled,gardian,hit@10,0.993600,0.001517,0.992000,0.996000,5,13 21 42 87 100,0.994000,0.993000,0.996000,0.992000,0.993000
hybrid_bm25_faiss,pubmedqa_labeled,gardian,hit@20,0.998000,0.000707,0.997000,0.999000,5,13 21 42 87 100,0.999000,0.998000,0.998000,0.997000,0.998000
hybrid_bm25_faiss,pubmedqa_labeled,gardian,hit@50,1.000000,0.000000,1.000000,1.000000,5,13 21 42 87 100,1.000000,1.000000,1.000000,1.000000,1.000000
hybrid_bm25_faiss,pubmedqa_labeled,gardian,ndcg@100,0.932076,0.001056,0.930729,0.933217,5,13 21 42 87 100,0.933217,0.931275,0.932268,0.930729,0.932891
hybrid_bm25_faiss,pubmedqa_labeled,gardian,ndcg@50,0.930502,0.001201,0.929099,0.931816,5,13 21 42 87 100,0.931816,0.929561,0.930446,0.929099,0.931589
hybrid_bm25_faiss,pubmedqa_labeled,gardian,recall@100,1.000000,0.000000,1.000000,1.000000,5,13 21 42 87 100,1.000000,1.000000,1.000000,1.000000,1.000000
hybrid_bm25_faiss,pubmedqa_labeled,gardian,recall@50,0.994003,0.000852,0.993000,0.995033,5,13 21 42 87 100,0.994717,0.993467,0.993000,0.993800,0.995033
hybrid_bm25_faiss,pubmedqa_labeled,global_alpha,alpha_sparse,0.400000,0.000000,0.400000,0.400000,5,13 21 42 87 100,0.400000,0.400000,0.400000,0.400000,0.400000
hybrid_bm25_faiss,pubmedqa_labeled,hybrid,ndcg@5,0.778321,0.000000,0.778321,0.778321,5,13 21 42 87 100,0.778321,0.778321,0.778321,0.778321,0.778321
hybrid_bm25_faiss,pubmedqa_labeled,hybrid,ndcg@10,0.808337,0.000000,0.808337,0.808337,5,13 21 42 87 100,0.808337,0.808337,0.808337,0.808337,0.808337
hybrid_bm25_faiss,pubmedqa_labeled,hybrid,ndcg@20,0.822737,0.000000,0.822737,0.822737,5,13 21 42 87 100,0.822737,0.822737,0.822737,0.822737,0.822737
hybrid_bm25_faiss,pubmedqa_labeled,hybrid,mrr,0.960966,0.000000,0.960966,0.960966,5,13 21 42 87 100,0.960966,0.960966,0.960966,0.960966,0.960966
hybrid_bm25_faiss,pubmedqa_labeled,hybrid,mrr@10,0.960966,0.000000,0.960966,0.960966,5,13 21 42 87 100,0.960966,0.960966,0.960966,0.960966,0.960966
hybrid_bm25_faiss,pubmedqa_labeled,hybrid,recall@5,0.743979,0.000000,0.743979,0.743979,5,13 21 42 87 100,0.743979,0.743979,0.743979,0.743979,0.743979
hybrid_bm25_faiss,pubmedqa_labeled,hybrid,recall@10,0.809838,0.000000,0.809838,0.809838,5,13 21 42 87 100,0.809838,0.809838,0.809838,0.809838,0.809838
hybrid_bm25_faiss,pubmedqa_labeled,hybrid,recall@20,0.849674,0.000000,0.849674,0.849674,5,13 21 42 87 100,0.849674,0.849674,0.849674,0.849674,0.849674
hybrid_bm25_faiss,pubmedqa_labeled,hybrid,hit@5,0.980000,0.000000,0.980000,0.980000,5,13 21 42 87 100,0.980000,0.980000,0.980000,0.980000,0.980000
hybrid_bm25_faiss,pubmedqa_labeled,hybrid,hit@10,0.986000,0.000000,0.986000,0.986000,5,13 21 42 87 100,0.986000,0.986000,0.986000,0.986000,0.986000
hybrid_bm25_faiss,pubmedqa_labeled,hybrid,hit@20,0.989000,0.000000,0.989000,0.989000,5,13 21 42 87 100,0.989000,0.989000,0.989000,0.989000,0.989000
hybrid_bm25_faiss,pubmedqa_labeled,hybrid,hit@50,0.991000,0.000000,0.991000,0.991000,5,13 21 42 87 100,0.991000,0.991000,0.991000,0.991000,0.991000
hybrid_bm25_faiss,pubmedqa_labeled,hybrid,ndcg@100,0.861130,0.000000,0.861130,0.861130,5,13 21 42 87 100,0.861130,0.861130,0.861130,0.861130,0.861130
hybrid_bm25_faiss,pubmedqa_labeled,hybrid,ndcg@50,0.832974,0.000000,0.832974,0.832974,5,13 21 42 87 100,0.832974,0.832974,0.832974,0.832974,0.832974
hybrid_bm25_faiss,pubmedqa_labeled,hybrid,recall@100,1.000000,0.000000,1.000000,1.000000,5,13 21 42 87 100,1.000000,1.000000,1.000000,1.000000,1.000000
hybrid_bm25_faiss,pubmedqa_labeled,hybrid,recall@50,0.884767,0.000000,0.884767,0.884767,5,13 21 42 87 100,0.884767,0.884767,0.884767,0.884767,0.884767
hybrid_bm25_faiss,pubmedqa_labeled,oracle_alpha,ndcg@10,0.931276,0.000000,0.931276,0.931276,5,13 21 42 87 100,0.931276,0.931276,0.931276,0.931276,0.931276
hybrid_bm25_faiss,pubmedqa_labeled,oracle_alpha,best_alpha_mean,0.110950,0.000000,0.110950,0.110950,5,13 21 42 87 100,0.110950,0.110950,0.110950,0.110950,0.110950
hybrid_bm25_faiss,pubmedqa_labeled,oracle_alpha,best_alpha_std,0.218459,0.000000,0.218459,0.218459,5,13 21 42 87 100,0.218459,0.218459,0.218459,0.218459,0.218459
hybrid_bm25_faiss,pubmedqa_labeled,oracle_alpha,invariant_fraction,0.283000,0.000000,0.283000,0.283000,5,13 21 42 87 100,0.283000,0.283000,0.283000,0.283000,0.283000
hybrid_bm25_faiss,pubmedqa_labeled,oracle_alpha,ndcg@10_gold_in_pool,0.931276,0.000000,0.931276,0.931276,5,13 21 42 87 100,0.931276,0.931276,0.931276,0.931276,0.931276
hybrid_bm25_faiss,pubmedqa_labeled,oracle_alpha,tie_fraction,0.552178,0.000000,0.552178,0.552178,5,13 21 42 87 100,0.552178,0.552178,0.552178,0.552178,0.552178
hybrid_bm25_faiss,pubmedqa_labeled,oracle_rerank,ndcg@10,1.000000,0.000000,1.000000,1.000000,5,13 21 42 87 100,1.000000,1.000000,1.000000,1.000000,1.000000
hybrid_bm25_faiss,pubmedqa_labeled,pool,recall,1.000000,0.000000,1.000000,1.000000,5,13 21 42 87 100,1.000000,1.000000,1.000000,1.000000,1.000000
hybrid_bm25_faiss,pubmedqa_labeled,rrf,ndcg@5,0.828676,0.000000,0.828676,0.828676,5,13 21 42 87 100,0.828676,0.828676,0.828676,0.828676,0.828676
hybrid_bm25_faiss,pubmedqa_labeled,rrf,ndcg@10,0.863250,0.000000,0.863250,0.863250,5,13 21 42 87 100,0.863250,0.863250,0.863250,0.863250,0.863250
hybrid_bm25_faiss,pubmedqa_labeled,rrf,ndcg@20,0.889092,0.000000,0.889092,0.889092,5,13 21 42 87 100,0.889092,0.889092,0.889092,0.889092,0.889092
hybrid_bm25_faiss,pubmedqa_labeled,rrf,mrr,0.974136,0.000000,0.974136,0.974136,5,13 21 42 87 100,0.974136,0.974136,0.974136,0.974136,0.974136
hybrid_bm25_faiss,pubmedqa_labeled,rrf,mrr@10,0.974136,0.000000,0.974136,0.974136,5,13 21 42 87 100,0.974136,0.974136,0.974136,0.974136,0.974136
hybrid_bm25_faiss,pubmedqa_labeled,rrf,recall@5,0.802971,0.000000,0.802971,0.802971,5,13 21 42 87 100,0.802971,0.802971,0.802971,0.802971,0.802971
hybrid_bm25_faiss,pubmedqa_labeled,rrf,recall@10,0.878324,0.000000,0.878324,0.878324,5,13 21 42 87 100,0.878324,0.878324,0.878324,0.878324,0.878324
hybrid_bm25_faiss,pubmedqa_labeled,rrf,recall@20,0.949633,0.000000,0.949633,0.949633,5,13 21 42 87 100,0.949633,0.949633,0.949633,0.949633,0.949633
hybrid_bm25_faiss,pubmedqa_labeled,rrf,hit@5,0.990000,0.000000,0.990000,0.990000,5,13 21 42 87 100,0.990000,0.990000,0.990000,0.990000,0.990000
hybrid_bm25_faiss,pubmedqa_labeled,rrf,hit@10,0.991000,0.000000,0.991000,0.991000,5,13 21 42 87 100,0.991000,0.991000,0.991000,0.991000,0.991000
hybrid_bm25_faiss,pubmedqa_labeled,rrf,hit@20,0.997000,0.000000,0.997000,0.997000,5,13 21 42 87 100,0.997000,0.997000,0.997000,0.997000,0.997000
hybrid_bm25_faiss,pubmedqa_labeled,rrf,hit@50,0.999000,0.000000,0.999000,0.999000,5,13 21 42 87 100,0.999000,0.999000,0.999000,0.999000,0.999000
hybrid_bm25_faiss,pubmedqa_labeled,rrf,ndcg@100,0.903024,0.000000,0.903024,0.903024,5,13 21 42 87 100,0.903024,0.903024,0.903024,0.903024,0.903024
hybrid_bm25_faiss,pubmedqa_labeled,rrf,ndcg@50,0.900337,0.000000,0.900337,0.900337,5,13 21 42 87 100,0.900337,0.900337,0.900337,0.900337,0.900337
hybrid_bm25_faiss,pubmedqa_labeled,rrf,recall@100,1.000000,0.000000,1.000000,1.000000,5,13 21 42 87 100,1.000000,1.000000,1.000000,1.000000,1.000000
hybrid_bm25_faiss,pubmedqa_labeled,rrf,recall@50,0.988750,0.000000,0.988750,0.988750,5,13 21 42 87 100,0.988750,0.988750,0.988750,0.988750,0.988750
hybrid_bm25_faiss,pubmedqa_labeled,sparse,ndcg@5,0.764342,0.000000,0.764342,0.764342,5,13 21 42 87 100,0.764342,0.764342,0.764342,0.764342,0.764342
hybrid_bm25_faiss,pubmedqa_labeled,sparse,ndcg@10,0.792518,0.000000,0.792518,0.792518,5,13 21 42 87 100,0.792518,0.792518,0.792518,0.792518,0.792518
hybrid_bm25_faiss,pubmedqa_labeled,sparse,ndcg@20,0.807978,0.000000,0.807978,0.807978,5,13 21 42 87 100,0.807978,0.807978,0.807978,0.807978,0.807978
hybrid_bm25_faiss,pubmedqa_labeled,sparse,mrr,0.958135,0.000000,0.958135,0.958135,5,13 21 42 87 100,0.958135,0.958135,0.958135,0.958135,0.958135
hybrid_bm25_faiss,pubmedqa_labeled,sparse,mrr@10,0.958135,0.000000,0.958135,0.958135,5,13 21 42 87 100,0.958135,0.958135,0.958135,0.958135,0.958135
hybrid_bm25_faiss,pubmedqa_labeled,sparse,recall@5,0.726079,0.000000,0.726079,0.726079,5,13 21 42 87 100,0.726079,0.726079,0.726079,0.726079,0.726079
hybrid_bm25_faiss,pubmedqa_labeled,sparse,recall@10,0.787905,0.000000,0.787905,0.787905,5,13 21 42 87 100,0.787905,0.787905,0.787905,0.787905,0.787905
hybrid_bm25_faiss,pubmedqa_labeled,sparse,recall@20,0.830598,0.000000,0.830598,0.830598,5,13 21 42 87 100,0.830598,0.830598,0.830598,0.830598,0.830598
hybrid_bm25_faiss,pubmedqa_labeled,sparse,hit@5,0.978000,0.000000,0.978000,0.978000,5,13 21 42 87 100,0.978000,0.978000,0.978000,0.978000,0.978000
hybrid_bm25_faiss,pubmedqa_labeled,sparse,hit@10,0.981000,0.000000,0.981000,0.981000,5,13 21 42 87 100,0.981000,0.981000,0.981000,0.981000,0.981000
hybrid_bm25_faiss,pubmedqa_labeled,sparse,hit@20,0.986000,0.000000,0.986000,0.986000,5,13 21 42 87 100,0.986000,0.986000,0.986000,0.986000,0.986000
hybrid_bm25_faiss,pubmedqa_labeled,sparse,hit@50,0.990000,0.000000,0.990000,0.990000,5,13 21 42 87 100,0.990000,0.990000,0.990000,0.990000,0.990000
hybrid_bm25_faiss,pubmedqa_labeled,sparse,ndcg@100,0.848712,0.000000,0.848712,0.848712,5,13 21 42 87 100,0.848712,0.848712,0.848712,0.848712,0.848712
hybrid_bm25_faiss,pubmedqa_labeled,sparse,ndcg@50,0.822176,0.000000,0.822176,0.822176,5,13 21 42 87 100,0.822176,0.822176,0.822176,0.822176,0.822176
hybrid_bm25_faiss,pubmedqa_labeled,sparse,recall@100,1.000000,0.000000,1.000000,1.000000,5,13 21 42 87 100,1.000000,1.000000,1.000000,1.000000,1.000000
hybrid_bm25_faiss,pubmedqa_labeled,sparse,recall@50,0.881267,0.000000,0.881267,0.881267,5,13 21 42 87 100,0.881267,0.881267,0.881267,0.881267,0.881267
hybrid_bm25_medcpt,medmcqa,dense,ndcg@5,0.287684,0.000000,0.287684,0.287684,5,13 21 42 87 100,0.287684,0.287684,0.287684,0.287684,0.287684
hybrid_bm25_medcpt,medmcqa,dense,ndcg@10,0.326523,0.000000,0.326523,0.326523,5,13 21 42 87 100,0.326523,0.326523,0.326523,0.326523,0.326523
hybrid_bm25_medcpt,medmcqa,dense,ndcg@20,0.354113,0.000000,0.354113,0.354113,5,13 21 42 87 100,0.354113,0.354113,0.354113,0.354113,0.354113
hybrid_bm25_medcpt,medmcqa,dense,mrr,0.278319,0.000000,0.278319,0.278319,5,13 21 42 87 100,0.278319,0.278319,0.278319,0.278319,0.278319
hybrid_bm25_medcpt,medmcqa,dense,mrr@10,0.278319,0.000000,0.278319,0.278319,5,13 21 42 87 100,0.278319,0.278319,0.278319,0.278319,0.278319
hybrid_bm25_medcpt,medmcqa,dense,recall@5,0.402631,0.000000,0.402631,0.402631,5,13 21 42 87 100,0.402631,0.402631,0.402631,0.402631,0.402631
hybrid_bm25_medcpt,medmcqa,dense,recall@10,0.522576,0.000000,0.522576,0.522576,5,13 21 42 87 100,0.522576,0.522576,0.522576,0.522576,0.522576
hybrid_bm25_medcpt,medmcqa,dense,recall@20,0.631331,0.000000,0.631331,0.631331,5,13 21 42 87 100,0.631331,0.631331,0.631331,0.631331,0.631331
hybrid_bm25_medcpt,medmcqa,dense,hit@5,0.402631,0.000000,0.402631,0.402631,5,13 21 42 87 100,0.402631,0.402631,0.402631,0.402631,0.402631
hybrid_bm25_medcpt,medmcqa,dense,hit@10,0.522576,0.000000,0.522576,0.522576,5,13 21 42 87 100,0.522576,0.522576,0.522576,0.522576,0.522576
hybrid_bm25_medcpt,medmcqa,dense,hit@20,0.631331,0.000000,0.631331,0.631331,5,13 21 42 87 100,0.631331,0.631331,0.631331,0.631331,0.631331
hybrid_bm25_medcpt,medmcqa,dense,hit@50,0.743227,0.000000,0.743227,0.743227,5,13 21 42 87 100,0.743227,0.743227,0.743227,0.743227,0.743227
hybrid_bm25_medcpt,medmcqa,dense,ndcg@100,0.391878,0.000000,0.391878,0.391878,5,13 21 42 87 100,0.391878,0.391878,0.391878,0.391878,0.391878
hybrid_bm25_medcpt,medmcqa,dense,ndcg@50,0.376520,0.000000,0.376520,0.376520,5,13 21 42 87 100,0.376520,0.376520,0.376520,0.376520,0.376520
hybrid_bm25_medcpt,medmcqa,dense,recall@100,0.840989,0.000000,0.840989,0.840989,5,13 21 42 87 100,0.840989,0.840989,0.840989,0.840989,0.840989
hybrid_bm25_medcpt,medmcqa,dense,recall@50,0.743227,0.000000,0.743227,0.743227,5,13 21 42 87 100,0.743227,0.743227,0.743227,0.743227,0.743227
hybrid_bm25_medcpt,medmcqa,gardian,ndcg@5,0.385863,0.001498,0.383914,0.388128,5,13 21 42 87 100,0.385769,0.385667,0.383914,0.385840,0.388128
hybrid_bm25_medcpt,medmcqa,gardian,ndcg@10,0.424766,0.001492,0.423270,0.427245,5,13 21 42 87 100,0.424199,0.424322,0.423270,0.424794,0.427245
hybrid_bm25_medcpt,medmcqa,gardian,ndcg@20,0.447554,0.001697,0.445882,0.450206,5,13 21 42 87 100,0.446947,0.446579,0.445882,0.448159,0.450206
hybrid_bm25_medcpt,medmcqa,gardian,mrr,0.371155,0.001978,0.369295,0.374203,5,13 21 42 87 100,0.370201,0.370047,0.369295,0.372030,0.374203
hybrid_bm25_medcpt,medmcqa,gardian,mrr@10,0.371155,0.001978,0.369295,0.374203,5,13 21 42 87 100,0.370201,0.370047,0.369295,0.372030,0.374203
hybrid_bm25_medcpt,medmcqa,gardian,recall@5,0.509109,0.001946,0.507067,0.511190,5,13 21 42 87 100,0.510601,0.511190,0.507067,0.507067,0.509619
hybrid_bm25_medcpt,medmcqa,gardian,recall@10,0.628504,0.001329,0.626423,0.629564,5,13 21 42 87 100,0.628975,0.629564,0.627994,0.626423,0.629564
hybrid_bm25_medcpt,medmcqa,gardian,recall@20,0.717982,0.001098,0.716922,0.719670,5,13 21 42 87 100,0.718296,0.716922,0.717118,0.717903,0.719670
hybrid_bm25_medcpt,medmcqa,gardian,hit@5,0.509109,0.001946,0.507067,0.511190,5,13 21 42 87 100,0.510601,0.511190,0.507067,0.507067,0.509619
hybrid_bm25_medcpt,medmcqa,gardian,hit@10,0.628504,0.001329,0.626423,0.629564,5,13 21 42 87 100,0.628975,0.629564,0.627994,0.626423,0.629564
hybrid_bm25_medcpt,medmcqa,gardian,hit@20,0.717982,0.001098,0.716922,0.719670,5,13 21 42 87 100,0.718296,0.716922,0.717118,0.717903,0.719670
hybrid_bm25_medcpt,medmcqa,gardian,hit@50,0.811504,0.001833,0.809384,0.813899,5,13 21 42 87 100,0.809973,0.809384,0.811936,0.813899,0.812328
hybrid_bm25_medcpt,medmcqa,gardian,ndcg@100,0.471223,0.001512,0.469750,0.473570,5,13 21 42 87 100,0.470524,0.470444,0.469750,0.471828,0.473570
hybrid_bm25_medcpt,medmcqa,gardian,ndcg@50,0.466322,0.001690,0.464913,0.468804,5,13 21 42 87 100,0.465353,0.465191,0.464913,0.467351,0.468804
hybrid_bm25_medcpt,medmcqa,gardian,recall@100,0.840989,0.000000,0.840989,0.840989,5,13 21 42 87 100,0.840989,0.840989,0.840989,0.840989,0.840989
hybrid_bm25_medcpt,medmcqa,gardian,recall@50,0.811504,0.001833,0.809384,0.813899,5,13 21 42 87 100,0.809973,0.809384,0.811936,0.813899,0.812328
hybrid_bm25_medcpt,medmcqa,global_alpha,alpha_sparse,0.510000,0.000000,0.510000,0.510000,5,13 21 42 87 100,0.510000,0.510000,0.510000,0.510000,0.510000
hybrid_bm25_medcpt,medmcqa,hybrid,ndcg@5,0.368408,0.000000,0.368408,0.368408,5,13 21 42 87 100,0.368408,0.368408,0.368408,0.368408,0.368408
hybrid_bm25_medcpt,medmcqa,hybrid,ndcg@10,0.402064,0.000000,0.402064,0.402064,5,13 21 42 87 100,0.402064,0.402064,0.402064,0.402064,0.402064
hybrid_bm25_medcpt,medmcqa,hybrid,ndcg@20,0.420859,0.000000,0.420859,0.420859,5,13 21 42 87 100,0.420859,0.420859,0.420859,0.420859,0.420859
hybrid_bm25_medcpt,medmcqa,hybrid,mrr,0.352261,0.000000,0.352261,0.352261,5,13 21 42 87 100,0.352261,0.352261,0.352261,0.352261,0.352261
hybrid_bm25_medcpt,medmcqa,hybrid,mrr@10,0.352261,0.000000,0.352261,0.352261,5,13 21 42 87 100,0.352261,0.352261,0.352261,0.352261,0.352261
hybrid_bm25_medcpt,medmcqa,hybrid,recall@5,0.488418,0.000000,0.488418,0.488418,5,13 21 42 87 100,0.488418,0.488418,0.488418,0.488418,0.488418
hybrid_bm25_medcpt,medmcqa,hybrid,recall@10,0.591676,0.000000,0.591676,0.591676,5,13 21 42 87 100,0.591676,0.591676,0.591676,0.591676,0.591676
hybrid_bm25_medcpt,medmcqa,hybrid,recall@20,0.665685,0.000000,0.665685,0.665685,5,13 21 42 87 100,0.665685,0.665685,0.665685,0.665685,0.665685
hybrid_bm25_medcpt,medmcqa,hybrid,hit@5,0.488418,0.000000,0.488418,0.488418,5,13 21 42 87 100,0.488418,0.488418,0.488418,0.488418,0.488418
hybrid_bm25_medcpt,medmcqa,hybrid,hit@10,0.591676,0.000000,0.591676,0.591676,5,13 21 42 87 100,0.591676,0.591676,0.591676,0.591676,0.591676
hybrid_bm25_medcpt,medmcqa,hybrid,hit@20,0.665685,0.000000,0.665685,0.665685,5,13 21 42 87 100,0.665685,0.665685,0.665685,0.665685,0.665685
hybrid_bm25_medcpt,medmcqa,hybrid,hit@50,0.743620,0.000000,0.743620,0.743620,5,13 21 42 87 100,0.743620,0.743620,0.743620,0.743620,0.743620
hybrid_bm25_medcpt,medmcqa,hybrid,ndcg@100,0.453112,0.000000,0.453112,0.453112,5,13 21 42 87 100,0.453112,0.453112,0.453112,0.453112,0.453112
hybrid_bm25_medcpt,medmcqa,hybrid,ndcg@50,0.436555,0.000000,0.436555,0.436555,5,13 21 42 87 100,0.436555,0.436555,0.436555,0.436555,0.436555
hybrid_bm25_medcpt,medmcqa,hybrid,recall@100,0.840989,0.000000,0.840989,0.840989,5,13 21 42 87 100,0.840989,0.840989,0.840989,0.840989,0.840989
hybrid_bm25_medcpt,medmcqa,hybrid,recall@50,0.743620,0.000000,0.743620,0.743620,5,13 21 42 87 100,0.743620,0.743620,0.743620,0.743620,0.743620
hybrid_bm25_medcpt,medmcqa,oracle_alpha,ndcg@10,0.511690,0.000000,0.511690,0.511690,5,13 21 42 87 100,0.511690,0.511690,0.511690,0.511690,0.511690
hybrid_bm25_medcpt,medmcqa,oracle_alpha,best_alpha_mean,0.131662,0.000000,0.131662,0.131662,5,13 21 42 87 100,0.131662,0.131662,0.131662,0.131662,0.131662
hybrid_bm25_medcpt,medmcqa,oracle_alpha,best_alpha_std,0.250917,0.000000,0.250917,0.250917,5,13 21 42 87 100,0.250917,0.250917,0.250917,0.250917,0.250917
hybrid_bm25_medcpt,medmcqa,oracle_alpha,invariant_fraction,0.288749,0.000000,0.288749,0.288749,5,13 21 42 87 100,0.288749,0.288749,0.288749,0.288749,0.288749
hybrid_bm25_medcpt,medmcqa,oracle_alpha,ndcg@10_gold_in_pool,0.608438,0.000000,0.608438,0.608438,5,13 21 42 87 100,0.608438,0.608438,0.608438,0.608438,0.608438
hybrid_bm25_medcpt,medmcqa,oracle_alpha,tie_fraction,0.576508,0.000000,0.576508,0.576508,5,13 21 42 87 100,0.576508,0.576508,0.576508,0.576508,0.576508
hybrid_bm25_medcpt,medmcqa,oracle_rerank,ndcg@10,0.840989,0.000000,0.840989,0.840989,5,13 21 42 87 100,0.840989,0.840989,0.840989,0.840989,0.840989
hybrid_bm25_medcpt,medmcqa,pool,recall,0.840989,0.000000,0.840989,0.840989,5,13 21 42 87 100,0.840989,0.840989,0.840989,0.840989,0.840989
hybrid_bm25_medcpt,medmcqa,rrf,ndcg@5,0.358272,0.000000,0.358272,0.358272,5,13 21 42 87 100,0.358272,0.358272,0.358272,0.358272,0.358272
hybrid_bm25_medcpt,medmcqa,rrf,ndcg@10,0.398393,0.000000,0.398393,0.398393,5,13 21 42 87 100,0.398393,0.398393,0.398393,0.398393,0.398393
hybrid_bm25_medcpt,medmcqa,rrf,ndcg@20,0.423953,0.000000,0.423953,0.423953,5,13 21 42 87 100,0.423953,0.423953,0.423953,0.423953,0.423953
hybrid_bm25_medcpt,medmcqa,rrf,mrr,0.344528,0.000000,0.344528,0.344528,5,13 21 42 87 100,0.344528,0.344528,0.344528,0.344528,0.344528
hybrid_bm25_medcpt,medmcqa,rrf,mrr@10,0.344528,0.000000,0.344528,0.344528,5,13 21 42 87 100,0.344528,0.344528,0.344528,0.344528,0.344528
hybrid_bm25_medcpt,medmcqa,rrf,recall@5,0.482136,0.000000,0.482136,0.482136,5,13 21 42 87 100,0.482136,0.482136,0.482136,0.482136,0.482136
hybrid_bm25_medcpt,medmcqa,rrf,recall@10,0.605811,0.000000,0.605811,0.605811,5,13 21 42 87 100,0.605811,0.605811,0.605811,0.605811,0.605811
hybrid_bm25_medcpt,medmcqa,rrf,recall@20,0.706517,0.000000,0.706517,0.706517,5,13 21 42 87 100,0.706517,0.706517,0.706517,0.706517,0.706517
hybrid_bm25_medcpt,medmcqa,rrf,hit@5,0.482136,0.000000,0.482136,0.482136,5,13 21 42 87 100,0.482136,0.482136,0.482136,0.482136,0.482136
hybrid_bm25_medcpt,medmcqa,rrf,hit@10,0.605811,0.000000,0.605811,0.605811,5,13 21 42 87 100,0.605811,0.605811,0.605811,0.605811,0.605811
hybrid_bm25_medcpt,medmcqa,rrf,hit@20,0.706517,0.000000,0.706517,0.706517,5,13 21 42 87 100,0.706517,0.706517,0.706517,0.706517,0.706517
hybrid_bm25_medcpt,medmcqa,rrf,hit@50,0.793679,0.000000,0.793679,0.793679,5,13 21 42 87 100,0.793679,0.793679,0.793679,0.793679,0.793679
hybrid_bm25_medcpt,medmcqa,rrf,ndcg@100,0.449226,0.000000,0.449226,0.449226,5,13 21 42 87 100,0.449226,0.449226,0.449226,0.449226,0.449226
hybrid_bm25_medcpt,medmcqa,rrf,ndcg@50,0.441483,0.000000,0.441483,0.441483,5,13 21 42 87 100,0.441483,0.441483,0.441483,0.441483,0.441483
hybrid_bm25_medcpt,medmcqa,rrf,recall@100,0.840989,0.000000,0.840989,0.840989,5,13 21 42 87 100,0.840989,0.840989,0.840989,0.840989,0.840989
hybrid_bm25_medcpt,medmcqa,rrf,recall@50,0.793679,0.000000,0.793679,0.793679,5,13 21 42 87 100,0.793679,0.793679,0.793679,0.793679,0.793679
hybrid_bm25_medcpt,medmcqa,sparse,ndcg@5,0.329322,0.000000,0.329322,0.329322,5,13 21 42 87 100,0.329322,0.329322,0.329322,0.329322,0.329322
hybrid_bm25_medcpt,medmcqa,sparse,ndcg@10,0.359705,0.000000,0.359705,0.359705,5,13 21 42 87 100,0.359705,0.359705,0.359705,0.359705,0.359705
hybrid_bm25_medcpt,medmcqa,sparse,ndcg@20,0.380349,0.000000,0.380349,0.380349,5,13 21 42 87 100,0.380349,0.380349,0.380349,0.380349,0.380349
hybrid_bm25_medcpt,medmcqa,sparse,mrr,0.317609,0.000000,0.317609,0.317609,5,13 21 42 87 100,0.317609,0.317609,0.317609,0.317609,0.317609
hybrid_bm25_medcpt,medmcqa,sparse,mrr@10,0.317609,0.000000,0.317609,0.317609,5,13 21 42 87 100,0.317609,0.317609,0.317609,0.317609,0.317609
hybrid_bm25_medcpt,medmcqa,sparse,recall@5,0.435414,0.000000,0.435414,0.435414,5,13 21 42 87 100,0.435414,0.435414,0.435414,0.435414,0.435414
hybrid_bm25_medcpt,medmcqa,sparse,recall@10,0.528269,0.000000,0.528269,0.528269,5,13 21 42 87 100,0.528269,0.528269,0.528269,0.528269,0.528269
hybrid_bm25_medcpt,medmcqa,sparse,recall@20,0.609541,0.000000,0.609541,0.609541,5,13 21 42 87 100,0.609541,0.609541,0.609541,0.609541,0.609541
hybrid_bm25_medcpt,medmcqa,sparse,hit@5,0.435414,0.000000,0.435414,0.435414,5,13 21 42 87 100,0.435414,0.435414,0.435414,0.435414,0.435414
hybrid_bm25_medcpt,medmcqa,sparse,hit@10,0.528269,0.000000,0.528269,0.528269,5,13 21 42 87 100,0.528269,0.528269,0.528269,0.528269,0.528269
hybrid_bm25_medcpt,medmcqa,sparse,hit@20,0.609541,0.000000,0.609541,0.609541,5,13 21 42 87 100,0.609541,0.609541,0.609541,0.609541,0.609541
hybrid_bm25_medcpt,medmcqa,sparse,hit@50,0.700432,0.000000,0.700432,0.700432,5,13 21 42 87 100,0.700432,0.700432,0.700432,0.700432,0.700432
hybrid_bm25_medcpt,medmcqa,sparse,ndcg@100,0.421064,0.000000,0.421064,0.421064,5,13 21 42 87 100,0.421064,0.421064,0.421064,0.421064,0.421064
hybrid_bm25_medcpt,medmcqa,sparse,ndcg@50,0.398649,0.000000,0.398649,0.398649,5,13 21 42 87 100,0.398649,0.398649,0.398649,0.398649,0.398649
hybrid_bm25_medcpt,medmcqa,sparse,recall@100,0.840989,0.000000,0.840989,0.840989,5,13 21 42 87 100,0.840989,0.840989,0.840989,0.840989,0.840989
hybrid_bm25_medcpt,medmcqa,sparse,recall@50,0.700432,0.000000,0.700432,0.700432,5,13 21 42 87 100,0.700432,0.700432,0.700432,0.700432,0.700432
hybrid_bm25_medcpt,pubmedqa_artificial,dense,ndcg@5,0.710040,0.000000,0.710040,0.710040,5,13 21 42 87 100,0.710040,0.710040,0.710040,0.710040,0.710040
hybrid_bm25_medcpt,pubmedqa_artificial,dense,ndcg@10,0.751335,0.000000,0.751335,0.751335,5,13 21 42 87 100,0.751335,0.751335,0.751335,0.751335,0.751335
hybrid_bm25_medcpt,pubmedqa_artificial,dense,ndcg@20,0.776536,0.000000,0.776536,0.776536,5,13 21 42 87 100,0.776536,0.776536,0.776536,0.776536,0.776536
hybrid_bm25_medcpt,pubmedqa_artificial,dense,mrr,0.864404,0.000000,0.864404,0.864404,5,13 21 42 87 100,0.864404,0.864404,0.864404,0.864404,0.864404
hybrid_bm25_medcpt,pubmedqa_artificial,dense,mrr@10,0.864404,0.000000,0.864404,0.864404,5,13 21 42 87 100,0.864404,0.864404,0.864404,0.864404,0.864404
hybrid_bm25_medcpt,pubmedqa_artificial,dense,recall@5,0.710479,0.000000,0.710479,0.710479,5,13 21 42 87 100,0.710479,0.710479,0.710479,0.710479,0.710479
hybrid_bm25_medcpt,pubmedqa_artificial,dense,recall@10,0.803314,0.000000,0.803314,0.803314,5,13 21 42 87 100,0.803314,0.803314,0.803314,0.803314,0.803314
hybrid_bm25_medcpt,pubmedqa_artificial,dense,recall@20,0.876684,0.000000,0.876684,0.876684,5,13 21 42 87 100,0.876684,0.876684,0.876684,0.876684,0.876684
hybrid_bm25_medcpt,pubmedqa_artificial,dense,hit@5,0.942255,0.000000,0.942255,0.942255,5,13 21 42 87 100,0.942255,0.942255,0.942255,0.942255,0.942255
hybrid_bm25_medcpt,pubmedqa_artificial,dense,hit@10,0.966297,0.000000,0.966297,0.966297,5,13 21 42 87 100,0.966297,0.966297,0.966297,0.966297,0.966297
hybrid_bm25_medcpt,pubmedqa_artificial,dense,hit@20,0.982435,0.000000,0.982435,0.982435,5,13 21 42 87 100,0.982435,0.982435,0.982435,0.982435,0.982435
hybrid_bm25_medcpt,pubmedqa_artificial,dense,hit@50,0.992370,0.000000,0.992370,0.992370,5,13 21 42 87 100,0.992370,0.992370,0.992370,0.992370,0.992370
hybrid_bm25_medcpt,pubmedqa_artificial,dense,ndcg@100,0.806601,0.000000,0.806601,0.806601,5,13 21 42 87 100,0.806601,0.806601,0.806601,0.806601,0.806601
hybrid_bm25_medcpt,pubmedqa_artificial,dense,ndcg@50,0.798010,0.000000,0.798010,0.798010,5,13 21 42 87 100,0.798010,0.798010,0.798010,0.798010,0.798010
hybrid_bm25_medcpt,pubmedqa_artificial,dense,recall@100,0.996926,0.000000,0.996926,0.996926,5,13 21 42 87 100,0.996926,0.996926,0.996926,0.996926,0.996926
hybrid_bm25_medcpt,pubmedqa_artificial,dense,recall@50,0.956325,0.000000,0.956325,0.956325,5,13 21 42 87 100,0.956325,0.956325,0.956325,0.956325,0.956325
hybrid_bm25_medcpt,pubmedqa_artificial,gardian,ndcg@5,0.764194,0.001934,0.760907,0.765890,5,13 21 42 87 100,0.765890,0.765047,0.764940,0.764185,0.760907
hybrid_bm25_medcpt,pubmedqa_artificial,gardian,ndcg@10,0.801882,0.001374,0.799522,0.803113,5,13 21 42 87 100,0.803113,0.802309,0.802085,0.802378,0.799522
hybrid_bm25_medcpt,pubmedqa_artificial,gardian,ndcg@20,0.824297,0.001038,0.822515,0.825226,5,13 21 42 87 100,0.825226,0.824652,0.824431,0.824660,0.822515
hybrid_bm25_medcpt,pubmedqa_artificial,gardian,mrr,0.918135,0.000639,0.917429,0.918881,5,13 21 42 87 100,0.917876,0.918881,0.917429,0.918739,0.917750
hybrid_bm25_medcpt,pubmedqa_artificial,gardian,mrr@10,0.918135,0.000639,0.917429,0.918881,5,13 21 42 87 100,0.917876,0.918881,0.917429,0.918739,0.917750
hybrid_bm25_medcpt,pubmedqa_artificial,gardian,recall@5,0.757124,0.001861,0.754067,0.758924,5,13 21 42 87 100,0.758924,0.758066,0.757685,0.756875,0.754067
hybrid_bm25_medcpt,pubmedqa_artificial,gardian,recall@10,0.841718,0.000845,0.840601,0.842605,5,13 21 42 87 100,0.842605,0.841685,0.841222,0.842474,0.840601
hybrid_bm25_medcpt,pubmedqa_artificial,gardian,recall@20,0.906577,0.000453,0.905919,0.907084,5,13 21 42 87 100,0.906559,0.906421,0.905919,0.906903,0.907084
hybrid_bm25_medcpt,pubmedqa_artificial,gardian,hit@5,0.970732,0.000994,0.969591,0.971512,5,13 21 42 87 100,0.969700,0.971457,0.969591,0.971402,0.971512
hybrid_bm25_medcpt,pubmedqa_artificial,gardian,hit@10,0.984137,0.000545,0.983258,0.984685,5,13 21 42 87 100,0.984027,0.984685,0.983258,0.984301,0.984411
hybrid_bm25_medcpt,pubmedqa_artificial,gardian,hit@20,0.990614,0.000313,0.990339,0.991108,5,13 21 42 87 100,0.990394,0.991108,0.990504,0.990723,0.990339
hybrid_bm25_medcpt,pubmedqa_artificial,gardian,hit@50,0.995455,0.000125,0.995334,0.995609,5,13 21 42 87 100,0.995444,0.995554,0.995334,0.995334,0.995609
hybrid_bm25_medcpt,pubmedqa_artificial,gardian,ndcg@100,0.847719,0.001082,0.845834,0.848611,5,13 21 42 87 100,0.848611,0.848125,0.848009,0.848017,0.845834
hybrid_bm25_medcpt,pubmedqa_artificial,gardian,ndcg@50,0.842801,0.001014,0.841033,0.843628,5,13 21 42 87 100,0.843628,0.843178,0.843031,0.843134,0.841033
hybrid_bm25_medcpt,pubmedqa_artificial,gardian,recall@100,0.996926,0.000000,0.996926,0.996926,5,13 21 42 87 100,0.996926,0.996926,0.996926,0.996926,0.996926
hybrid_bm25_medcpt,pubmedqa_artificial,gardian,recall@50,0.974981,0.000319,0.974752,0.975481,5,13 21 42 87 100,0.974752,0.974781,0.974768,0.975121,0.975481
hybrid_bm25_medcpt,pubmedqa_artificial,global_alpha,alpha_sparse,0.370000,0.000000,0.370000,0.370000,5,13 21 42 87 100,0.370000,0.370000,0.370000,0.370000,0.370000
hybrid_bm25_medcpt,pubmedqa_artificial,hybrid,ndcg@5,0.717648,0.000000,0.717648,0.717648,5,13 21 42 87 100,0.717648,0.717648,0.717648,0.717648,0.717648
hybrid_bm25_medcpt,pubmedqa_artificial,hybrid,ndcg@10,0.762825,0.000000,0.762825,0.762825,5,13 21 42 87 100,0.762825,0.762825,0.762825,0.762825,0.762825
hybrid_bm25_medcpt,pubmedqa_artificial,hybrid,ndcg@20,0.794333,0.000000,0.794333,0.794333,5,13 21 42 87 100,0.794333,0.794333,0.794333,0.794333,0.794333
hybrid_bm25_medcpt,pubmedqa_artificial,hybrid,mrr,0.906817,0.000000,0.906817,0.906817,5,13 21 42 87 100,0.906817,0.906817,0.906817,0.906817,0.906817
hybrid_bm25_medcpt,pubmedqa_artificial,hybrid,mrr@10,0.906817,0.000000,0.906817,0.906817,5,13 21 42 87 100,0.906817,0.906817,0.906817,0.906817,0.906817
hybrid_bm25_medcpt,pubmedqa_artificial,hybrid,recall@5,0.698086,0.000000,0.698086,0.698086,5,13 21 42 87 100,0.698086,0.698086,0.698086,0.698086,0.698086
hybrid_bm25_medcpt,pubmedqa_artificial,hybrid,recall@10,0.800053,0.000000,0.800053,0.800053,5,13 21 42 87 100,0.800053,0.800053,0.800053,0.800053,0.800053
hybrid_bm25_medcpt,pubmedqa_artificial,hybrid,recall@20,0.890776,0.000000,0.890776,0.890776,5,13 21 42 87 100,0.890776,0.890776,0.890776,0.890776,0.890776
hybrid_bm25_medcpt,pubmedqa_artificial,hybrid,hit@5,0.959655,0.000000,0.959655,0.959655,5,13 21 42 87 100,0.959655,0.959655,0.959655,0.959655,0.959655
hybrid_bm25_medcpt,pubmedqa_artificial,hybrid,hit@10,0.977605,0.000000,0.977605,0.977605,5,13 21 42 87 100,0.977605,0.977605,0.977605,0.977605,0.977605
hybrid_bm25_medcpt,pubmedqa_artificial,hybrid,hit@20,0.987540,0.000000,0.987540,0.987540,5,13 21 42 87 100,0.987540,0.987540,0.987540,0.987540,0.987540
hybrid_bm25_medcpt,pubmedqa_artificial,hybrid,hit@50,0.992370,0.000000,0.992370,0.992370,5,13 21 42 87 100,0.992370,0.992370,0.992370,0.992370,0.992370
hybrid_bm25_medcpt,pubmedqa_artificial,hybrid,ndcg@100,0.821389,0.000000,0.821389,0.821389,5,13 21 42 87 100,0.821389,0.821389,0.821389,0.821389,0.821389
hybrid_bm25_medcpt,pubmedqa_artificial,hybrid,ndcg@50,0.812161,0.000000,0.812161,0.812161,5,13 21 42 87 100,0.812161,0.812161,0.812161,0.812161,0.812161
hybrid_bm25_medcpt,pubmedqa_artificial,hybrid,recall@100,0.996926,0.000000,0.996926,0.996926,5,13 21 42 87 100,0.996926,0.996926,0.996926,0.996926,0.996926
hybrid_bm25_medcpt,pubmedqa_artificial,hybrid,recall@50,0.956325,0.000000,0.956325,0.956325,5,13 21 42 87 100,0.956325,0.956325,0.956325,0.956325,0.956325
hybrid_bm25_medcpt,pubmedqa_artificial,oracle_alpha,ndcg@10,0.849250,0.000000,0.849250,0.849250,5,13 21 42 87 100,0.849250,0.849250,0.849250,0.849250,0.849250
hybrid_bm25_medcpt,pubmedqa_artificial,oracle_alpha,best_alpha_mean,0.091788,0.000000,0.091788,0.091788,5,13 21 42 87 100,0.091788,0.091788,0.091788,0.091788,0.091788
hybrid_bm25_medcpt,pubmedqa_artificial,oracle_alpha,best_alpha_std,0.214542,0.000000,0.214542,0.214542,5,13 21 42 87 100,0.214542,0.214542,0.214542,0.214542,0.214542
hybrid_bm25_medcpt,pubmedqa_artificial,oracle_alpha,invariant_fraction,0.151525,0.000000,0.151525,0.151525,5,13 21 42 87 100,0.151525,0.151525,0.151525,0.151525,0.151525
hybrid_bm25_medcpt,pubmedqa_artificial,oracle_alpha,ndcg@10_gold_in_pool,0.851869,0.000000,0.851869,0.851869,5,13 21 42 87 100,0.851869,0.851869,0.851869,0.851869,0.851869
hybrid_bm25_medcpt,pubmedqa_artificial,oracle_alpha,tie_fraction,0.408105,0.000000,0.408105,0.408105,5,13 21 42 87 100,0.408105,0.408105,0.408105,0.408105,0.408105
hybrid_bm25_medcpt,pubmedqa_artificial,oracle_rerank,ndcg@10,0.996926,0.000000,0.996926,0.996926,5,13 21 42 87 100,0.996926,0.996926,0.996926,0.996926,0.996926
hybrid_bm25_medcpt,pubmedqa_artificial,pool,recall,0.996926,0.000000,0.996926,0.996926,5,13 21 42 87 100,0.996926,0.996926,0.996926,0.996926,0.996926
hybrid_bm25_medcpt,pubmedqa_artificial,rrf,ndcg@5,0.704791,0.000000,0.704791,0.704791,5,13 21 42 87 100,0.704791,0.704791,0.704791,0.704791,0.704791
hybrid_bm25_medcpt,pubmedqa_artificial,rrf,ndcg@10,0.754091,0.000000,0.754091,0.754091,5,13 21 42 87 100,0.754091,0.754091,0.754091,0.754091,0.754091
hybrid_bm25_medcpt,pubmedqa_artificial,rrf,ndcg@20,0.783851,0.000000,0.783851,0.783851,5,13 21 42 87 100,0.783851,0.783851,0.783851,0.783851,0.783851
hybrid_bm25_medcpt,pubmedqa_artificial,rrf,mrr,0.895562,0.000000,0.895562,0.895562,5,13 21 42 87 100,0.895562,0.895562,0.895562,0.895562,0.895562
hybrid_bm25_medcpt,pubmedqa_artificial,rrf,mrr@10,0.895562,0.000000,0.895562,0.895562,5,13 21 42 87 100,0.895562,0.895562,0.895562,0.895562,0.895562
hybrid_bm25_medcpt,pubmedqa_artificial,rrf,recall@5,0.690125,0.000000,0.690125,0.690125,5,13 21 42 87 100,0.690125,0.690125,0.690125,0.690125,0.690125
hybrid_bm25_medcpt,pubmedqa_artificial,rrf,recall@10,0.801027,0.000000,0.801027,0.801027,5,13 21 42 87 100,0.801027,0.801027,0.801027,0.801027,0.801027
hybrid_bm25_medcpt,pubmedqa_artificial,rrf,recall@20,0.886202,0.000000,0.886202,0.886202,5,13 21 42 87 100,0.886202,0.886202,0.886202,0.886202,0.886202
hybrid_bm25_medcpt,pubmedqa_artificial,rrf,hit@5,0.960424,0.000000,0.960424,0.960424,5,13 21 42 87 100,0.960424,0.960424,0.960424,0.960424,0.960424
hybrid_bm25_medcpt,pubmedqa_artificial,rrf,hit@10,0.980678,0.000000,0.980678,0.980678,5,13 21 42 87 100,0.980678,0.980678,0.980678,0.980678,0.980678
hybrid_bm25_medcpt,pubmedqa_artificial,rrf,hit@20,0.989845,0.000000,0.989845,0.989845,5,13 21 42 87 100,0.989845,0.989845,0.989845,0.989845,0.989845
hybrid_bm25_medcpt,pubmedqa_artificial,rrf,hit@50,0.994895,0.000000,0.994895,0.994895,5,13 21 42 87 100,0.994895,0.994895,0.994895,0.994895,0.994895
hybrid_bm25_medcpt,pubmedqa_artificial,rrf,ndcg@100,0.811853,0.000000,0.811853,0.811853,5,13 21 42 87 100,0.811853,0.811853,0.811853,0.811853,0.811853
hybrid_bm25_medcpt,pubmedqa_artificial,rrf,ndcg@50,0.803007,0.000000,0.803007,0.803007,5,13 21 42 87 100,0.803007,0.803007,0.803007,0.803007,0.803007
hybrid_bm25_medcpt,pubmedqa_artificial,rrf,recall@100,0.996926,0.000000,0.996926,0.996926,5,13 21 42 87 100,0.996926,0.996926,0.996926,0.996926,0.996926
hybrid_bm25_medcpt,pubmedqa_artificial,rrf,recall@50,0.956891,0.000000,0.956891,0.956891,5,13 21 42 87 100,0.956891,0.956891,0.956891,0.956891,0.956891
hybrid_bm25_medcpt,pubmedqa_artificial,sparse,ndcg@5,0.592752,0.000000,0.592752,0.592752,5,13 21 42 87 100,0.592752,0.592752,0.592752,0.592752,0.592752
hybrid_bm25_medcpt,pubmedqa_artificial,sparse,ndcg@10,0.621780,0.000000,0.621780,0.621780,5,13 21 42 87 100,0.621780,0.621780,0.621780,0.621780,0.621780
hybrid_bm25_medcpt,pubmedqa_artificial,sparse,ndcg@20,0.641759,0.000000,0.641759,0.641759,5,13 21 42 87 100,0.641759,0.641759,0.641759,0.641759,0.641759
hybrid_bm25_medcpt,pubmedqa_artificial,sparse,mrr,0.827973,0.000000,0.827973,0.827973,5,13 21 42 87 100,0.827973,0.827973,0.827973,0.827973,0.827973
hybrid_bm25_medcpt,pubmedqa_artificial,sparse,mrr@10,0.827973,0.000000,0.827973,0.827973,5,13 21 42 87 100,0.827973,0.827973,0.827973,0.827973,0.827973
hybrid_bm25_medcpt,pubmedqa_artificial,sparse,recall@5,0.561822,0.000000,0.561822,0.561822,5,13 21 42 87 100,0.561822,0.561822,0.561822,0.561822,0.561822
hybrid_bm25_medcpt,pubmedqa_artificial,sparse,recall@10,0.627394,0.000000,0.627394,0.627394,5,13 21 42 87 100,0.627394,0.627394,0.627394,0.627394,0.627394
hybrid_bm25_medcpt,pubmedqa_artificial,sparse,recall@20,0.685252,0.000000,0.685252,0.685252,5,13 21 42 87 100,0.685252,0.685252,0.685252,0.685252,0.685252
hybrid_bm25_medcpt,pubmedqa_artificial,sparse,hit@5,0.899660,0.000000,0.899660,0.899660,5,13 21 42 87 100,0.899660,0.899660,0.899660,0.899660,0.899660
hybrid_bm25_medcpt,pubmedqa_artificial,sparse,hit@10,0.930069,0.000000,0.930069,0.930069,5,13 21 42 87 100,0.930069,0.930069,0.930069,0.930069,0.930069
hybrid_bm25_medcpt,pubmedqa_artificial,sparse,hit@20,0.952519,0.000000,0.952519,0.952519,5,13 21 42 87 100,0.952519,0.952519,0.952519,0.952519,0.952519
hybrid_bm25_medcpt,pubmedqa_artificial,sparse,hit@50,0.971457,0.000000,0.971457,0.971457,5,13 21 42 87 100,0.971457,0.971457,0.971457,0.971457,0.971457
hybrid_bm25_medcpt,pubmedqa_artificial,sparse,ndcg@100,0.712125,0.000000,0.712125,0.712125,5,13 21 42 87 100,0.712125,0.712125,0.712125,0.712125,0.712125
hybrid_bm25_medcpt,pubmedqa_artificial,sparse,ndcg@50,0.660473,0.000000,0.660473,0.660473,5,13 21 42 87 100,0.660473,0.660473,0.660473,0.660473,0.660473
hybrid_bm25_medcpt,pubmedqa_artificial,sparse,recall@100,0.996926,0.000000,0.996926,0.996926,5,13 21 42 87 100,0.996926,0.996926,0.996926,0.996926,0.996926
hybrid_bm25_medcpt,pubmedqa_artificial,sparse,recall@50,0.754602,0.000000,0.754602,0.754602,5,13 21 42 87 100,0.754602,0.754602,0.754602,0.754602,0.754602
hybrid_bm25_medcpt,pubmedqa_labeled,dense,ndcg@5,0.886548,0.000000,0.886548,0.886548,5,13 21 42 87 100,0.886548,0.886548,0.886548,0.886548,0.886548
hybrid_bm25_medcpt,pubmedqa_labeled,dense,ndcg@10,0.913221,0.000000,0.913221,0.913221,5,13 21 42 87 100,0.913221,0.913221,0.913221,0.913221,0.913221
hybrid_bm25_medcpt,pubmedqa_labeled,dense,ndcg@20,0.927172,0.000000,0.927172,0.927172,5,13 21 42 87 100,0.927172,0.927172,0.927172,0.927172,0.927172
hybrid_bm25_medcpt,pubmedqa_labeled,dense,mrr,0.982216,0.000000,0.982216,0.982216,5,13 21 42 87 100,0.982216,0.982216,0.982216,0.982216,0.982216
hybrid_bm25_medcpt,pubmedqa_labeled,dense,mrr@10,0.982216,0.000000,0.982216,0.982216,5,13 21 42 87 100,0.982216,0.982216,0.982216,0.982216,0.982216
hybrid_bm25_medcpt,pubmedqa_labeled,dense,recall@5,0.869393,0.000000,0.869393,0.869393,5,13 21 42 87 100,0.869393,0.869393,0.869393,0.869393,0.869393
hybrid_bm25_medcpt,pubmedqa_labeled,dense,recall@10,0.929374,0.000000,0.929374,0.929374,5,13 21 42 87 100,0.929374,0.929374,0.929374,0.929374,0.929374
hybrid_bm25_medcpt,pubmedqa_labeled,dense,recall@20,0.966614,0.000000,0.966614,0.966614,5,13 21 42 87 100,0.966614,0.966614,0.966614,0.966614,0.966614
hybrid_bm25_medcpt,pubmedqa_labeled,dense,hit@5,0.994000,0.000000,0.994000,0.994000,5,13 21 42 87 100,0.994000,0.994000,0.994000,0.994000,0.994000
hybrid_bm25_medcpt,pubmedqa_labeled,dense,hit@10,0.997000,0.000000,0.997000,0.997000,5,13 21 42 87 100,0.997000,0.997000,0.997000,0.997000,0.997000
hybrid_bm25_medcpt,pubmedqa_labeled,dense,hit@20,0.999000,0.000000,0.999000,0.999000,5,13 21 42 87 100,0.999000,0.999000,0.999000,0.999000,0.999000
hybrid_bm25_medcpt,pubmedqa_labeled,dense,hit@50,1.000000,0.000000,1.000000,1.000000,5,13 21 42 87 100,1.000000,1.000000,1.000000,1.000000,1.000000
hybrid_bm25_medcpt,pubmedqa_labeled,dense,ndcg@100,0.936607,0.000000,0.936607,0.936607,5,13 21 42 87 100,0.936607,0.936607,0.936607,0.936607,0.936607
hybrid_bm25_medcpt,pubmedqa_labeled,dense,ndcg@50,0.934846,0.000000,0.934846,0.934846,5,13 21 42 87 100,0.934846,0.934846,0.934846,0.934846,0.934846
hybrid_bm25_medcpt,pubmedqa_labeled,dense,recall@100,1.000000,0.000000,1.000000,1.000000,5,13 21 42 87 100,1.000000,1.000000,1.000000,1.000000,1.000000
hybrid_bm25_medcpt,pubmedqa_labeled,dense,recall@50,0.992574,0.000000,0.992574,0.992574,5,13 21 42 87 100,0.992574,0.992574,0.992574,0.992574,0.992574
hybrid_bm25_medcpt,pubmedqa_labeled,gardian,ndcg@5,0.891612,0.002843,0.889156,0.895431,5,13 21 42 87 100,0.893814,0.889156,0.895431,0.890331,0.889327
hybrid_bm25_medcpt,pubmedqa_labeled,gardian,ndcg@10,0.916621,0.002901,0.913837,0.920783,5,13 21 42 87 100,0.918420,0.913837,0.920783,0.914643,0.915422
hybrid_bm25_medcpt,pubmedqa_labeled,gardian,ndcg@20,0.930706,0.002503,0.928559,0.934114,5,13 21 42 87 100,0.932570,0.928655,0.934114,0.928559,0.929631
hybrid_bm25_medcpt,pubmedqa_labeled,gardian,mrr,0.988320,0.001174,0.987203,0.989846,5,13 21 42 87 100,0.989156,0.988182,0.989846,0.987203,0.987215
hybrid_bm25_medcpt,pubmedqa_labeled,gardian,mrr@10,0.988320,0.001174,0.987203,0.989846,5,13 21 42 87 100,0.989156,0.988182,0.989846,0.987203,0.987215
hybrid_bm25_medcpt,pubmedqa_labeled,gardian,recall@5,0.874369,0.002628,0.871452,0.877719,5,13 21 42 87 100,0.876436,0.871452,0.877719,0.873619,0.872619
hybrid_bm25_medcpt,pubmedqa_labeled,gardian,recall@10,0.930547,0.003033,0.926640,0.934474,5,13 21 42 87 100,0.931640,0.926640,0.934474,0.928524,0.931457
hybrid_bm25_medcpt,pubmedqa_labeled,gardian,recall@20,0.968314,0.001716,0.966310,0.969845,5,13 21 42 87 100,0.969262,0.966593,0.969845,0.966310,0.969560
hybrid_bm25_medcpt,pubmedqa_labeled,gardian,hit@5,0.995000,0.000707,0.994000,0.996000,5,13 21 42 87 100,0.995000,0.995000,0.996000,0.994000,0.995000
hybrid_bm25_medcpt,pubmedqa_labeled,gardian,hit@10,0.998400,0.000894,0.997000,0.999000,5,13 21 42 87 100,0.999000,0.998000,0.999000,0.997000,0.999000
hybrid_bm25_medcpt,pubmedqa_labeled,gardian,hit@20,1.000000,0.000000,1.000000,1.000000,5,13 21 42 87 100,1.000000,1.000000,1.000000,1.000000,1.000000
hybrid_bm25_medcpt,pubmedqa_labeled,gardian,hit@50,1.000000,0.000000,1.000000,1.000000,5,13 21 42 87 100,1.000000,1.000000,1.000000,1.000000,1.000000
hybrid_bm25_medcpt,pubmedqa_labeled,gardian,ndcg@100,0.939942,0.002118,0.938405,0.942896,5,13 21 42 87 100,0.941501,0.938405,0.942896,0.938413,0.938496
hybrid_bm25_medcpt,pubmedqa_labeled,gardian,ndcg@50,0.938555,0.002217,0.936788,0.941595,5,13 21 42 87 100,0.940249,0.936952,0.941595,0.936788,0.937189
hybrid_bm25_medcpt,pubmedqa_labeled,gardian,recall@100,1.000000,0.000000,1.000000,1.000000,5,13 21 42 87 100,1.000000,1.000000,1.000000,1.000000,1.000000
hybrid_bm25_medcpt,pubmedqa_labeled,gardian,recall@50,0.994519,0.000608,0.993624,0.995124,5,13 21 42 87 100,0.995124,0.994183,0.994874,0.993624,0.994790
hybrid_bm25_medcpt,pubmedqa_labeled,global_alpha,alpha_sparse,0.370000,0.000000,0.370000,0.370000,5,13 21 42 87 100,0.370000,0.370000,0.370000,0.370000,0.370000
hybrid_bm25_medcpt,pubmedqa_labeled,hybrid,ndcg@5,0.889526,0.000000,0.889526,0.889526,5,13 21 42 87 100,0.889526,0.889526,0.889526,0.889526,0.889526
hybrid_bm25_medcpt,pubmedqa_labeled,hybrid,ndcg@10,0.915115,0.000000,0.915115,0.915115,5,13 21 42 87 100,0.915115,0.915115,0.915115,0.915115,0.915115
hybrid_bm25_medcpt,pubmedqa_labeled,hybrid,ndcg@20,0.930882,0.000000,0.930882,0.930882,5,13 21 42 87 100,0.930882,0.930882,0.930882,0.930882,0.930882
hybrid_bm25_medcpt,pubmedqa_labeled,hybrid,mrr,0.990275,0.000000,0.990275,0.990275,5,13 21 42 87 100,0.990275,0.990275,0.990275,0.990275,0.990275
hybrid_bm25_medcpt,pubmedqa_labeled,hybrid,mrr@10,0.990275,0.000000,0.990275,0.990275,5,13 21 42 87 100,0.990275,0.990275,0.990275,0.990275,0.990275
hybrid_bm25_medcpt,pubmedqa_labeled,hybrid,recall@5,0.869502,0.000000,0.869502,0.869502,5,13 21 42 87 100,0.869502,0.869502,0.869502,0.869502,0.869502
hybrid_bm25_medcpt,pubmedqa_labeled,hybrid,recall@10,0.926107,0.000000,0.926107,0.926107,5,13 21 42 87 100,0.926107,0.926107,0.926107,0.926107,0.926107
hybrid_bm25_medcpt,pubmedqa_labeled,hybrid,recall@20,0.968769,0.000000,0.968769,0.968769,5,13 21 42 87 100,0.968769,0.968769,0.968769,0.968769,0.968769
hybrid_bm25_medcpt,pubmedqa_labeled,hybrid,hit@5,0.997000,0.000000,0.997000,0.997000,5,13 21 42 87 100,0.997000,0.997000,0.997000,0.997000,0.997000
hybrid_bm25_medcpt,pubmedqa_labeled,hybrid,hit@10,0.999000,0.000000,0.999000,0.999000,5,13 21 42 87 100,0.999000,0.999000,0.999000,0.999000,0.999000
hybrid_bm25_medcpt,pubmedqa_labeled,hybrid,hit@20,1.000000,0.000000,1.000000,1.000000,5,13 21 42 87 100,1.000000,1.000000,1.000000,1.000000,1.000000
hybrid_bm25_medcpt,pubmedqa_labeled,hybrid,hit@50,1.000000,0.000000,1.000000,1.000000,5,13 21 42 87 100,1.000000,1.000000,1.000000,1.000000,1.000000
hybrid_bm25_medcpt,pubmedqa_labeled,hybrid,ndcg@100,0.939910,0.000000,0.939910,0.939910,5,13 21 42 87 100,0.939910,0.939910,0.939910,0.939910,0.939910
hybrid_bm25_medcpt,pubmedqa_labeled,hybrid,ndcg@50,0.938052,0.000000,0.938052,0.938052,5,13 21 42 87 100,0.938052,0.938052,0.938052,0.938052,0.938052
hybrid_bm25_medcpt,pubmedqa_labeled,hybrid,recall@100,1.000000,0.000000,1.000000,1.000000,5,13 21 42 87 100,1.000000,1.000000,1.000000,1.000000,1.000000
hybrid_bm25_medcpt,pubmedqa_labeled,hybrid,recall@50,0.992574,0.000000,0.992574,0.992574,5,13 21 42 87 100,0.992574,0.992574,0.992574,0.992574,0.992574
hybrid_bm25_medcpt,pubmedqa_labeled,oracle_alpha,ndcg@10,0.945614,0.000000,0.945614,0.945614,5,13 21 42 87 100,0.945614,0.945614,0.945614,0.945614,0.945614
hybrid_bm25_medcpt,pubmedqa_labeled,oracle_alpha,best_alpha_mean,0.048840,0.000000,0.048840,0.048840,5,13 21 42 87 100,0.048840,0.048840,0.048840,0.048840,0.048840
hybrid_bm25_medcpt,pubmedqa_labeled,oracle_alpha,best_alpha_std,0.136780,0.000000,0.136780,0.136780,5,13 21 42 87 100,0.136780,0.136780,0.136780,0.136780,0.136780
hybrid_bm25_medcpt,pubmedqa_labeled,oracle_alpha,invariant_fraction,0.288000,0.000000,0.288000,0.288000,5,13 21 42 87 100,0.288000,0.288000,0.288000,0.288000,0.288000
hybrid_bm25_medcpt,pubmedqa_labeled,oracle_alpha,ndcg@10_gold_in_pool,0.945614,0.000000,0.945614,0.945614,5,13 21 42 87 100,0.945614,0.945614,0.945614,0.945614,0.945614
hybrid_bm25_medcpt,pubmedqa_labeled,oracle_alpha,tie_fraction,0.534089,0.000000,0.534089,0.534089,5,13 21 42 87 100,0.534089,0.534089,0.534089,0.534089,0.534089
hybrid_bm25_medcpt,pubmedqa_labeled,oracle_rerank,ndcg@10,1.000000,0.000000,1.000000,1.000000,5,13 21 42 87 100,1.000000,1.000000,1.000000,1.000000,1.000000
hybrid_bm25_medcpt,pubmedqa_labeled,pool,recall,1.000000,0.000000,1.000000,1.000000,5,13 21 42 87 100,1.000000,1.000000,1.000000,1.000000,1.000000
hybrid_bm25_medcpt,pubmedqa_labeled,rrf,ndcg@5,0.845889,0.000000,0.845889,0.845889,5,13 21 42 87 100,0.845889,0.845889,0.845889,0.845889,0.845889
hybrid_bm25_medcpt,pubmedqa_labeled,rrf,ndcg@10,0.877205,0.000000,0.877205,0.877205,5,13 21 42 87 100,0.877205,0.877205,0.877205,0.877205,0.877205
hybrid_bm25_medcpt,pubmedqa_labeled,rrf,ndcg@20,0.902794,0.000000,0.902794,0.902794,5,13 21 42 87 100,0.902794,0.902794,0.902794,0.902794,0.902794
hybrid_bm25_medcpt,pubmedqa_labeled,rrf,mrr,0.978289,0.000000,0.978289,0.978289,5,13 21 42 87 100,0.978289,0.978289,0.978289,0.978289,0.978289
hybrid_bm25_medcpt,pubmedqa_labeled,rrf,mrr@10,0.978289,0.000000,0.978289,0.978289,5,13 21 42 87 100,0.978289,0.978289,0.978289,0.978289,0.978289
hybrid_bm25_medcpt,pubmedqa_labeled,rrf,recall@5,0.822376,0.000000,0.822376,0.822376,5,13 21 42 87 100,0.822376,0.822376,0.822376,0.822376,0.822376
hybrid_bm25_medcpt,pubmedqa_labeled,rrf,recall@10,0.891748,0.000000,0.891748,0.891748,5,13 21 42 87 100,0.891748,0.891748,0.891748,0.891748,0.891748
hybrid_bm25_medcpt,pubmedqa_labeled,rrf,recall@20,0.961526,0.000000,0.961526,0.961526,5,13 21 42 87 100,0.961526,0.961526,0.961526,0.961526,0.961526
hybrid_bm25_medcpt,pubmedqa_labeled,rrf,hit@5,0.992000,0.000000,0.992000,0.992000,5,13 21 42 87 100,0.992000,0.992000,0.992000,0.992000,0.992000
hybrid_bm25_medcpt,pubmedqa_labeled,rrf,hit@10,0.996000,0.000000,0.996000,0.996000,5,13 21 42 87 100,0.996000,0.996000,0.996000,0.996000,0.996000
hybrid_bm25_medcpt,pubmedqa_labeled,rrf,hit@20,0.999000,0.000000,0.999000,0.999000,5,13 21 42 87 100,0.999000,0.999000,0.999000,0.999000,0.999000
hybrid_bm25_medcpt,pubmedqa_labeled,rrf,hit@50,1.000000,0.000000,1.000000,1.000000,5,13 21 42 87 100,1.000000,1.000000,1.000000,1.000000,1.000000
hybrid_bm25_medcpt,pubmedqa_labeled,rrf,ndcg@100,0.913671,0.000000,0.913671,0.913671,5,13 21 42 87 100,0.913671,0.913671,0.913671,0.913671,0.913671
hybrid_bm25_medcpt,pubmedqa_labeled,rrf,ndcg@50,0.911149,0.000000,0.911149,0.911149,5,13 21 42 87 100,0.911149,0.911149,0.911149,0.911149,0.911149
hybrid_bm25_medcpt,pubmedqa_labeled,rrf,recall@100,1.000000,0.000000,1.000000,1.000000,5,13 21 42 87 100,1.000000,1.000000,1.000000,1.000000,1.000000
hybrid_bm25_medcpt,pubmedqa_labeled,rrf,recall@50,0.989917,0.000000,0.989917,0.989917,5,13 21 42 87 100,0.989917,0.989917,0.989917,0.989917,0.989917
hybrid_bm25_medcpt,pubmedqa_labeled,sparse,ndcg@5,0.762286,0.000000,0.762286,0.762286,5,13 21 42 87 100,0.762286,0.762286,0.762286,0.762286,0.762286
hybrid_bm25_medcpt,pubmedqa_labeled,sparse,ndcg@10,0.789616,0.000000,0.789616,0.789616,5,13 21 42 87 100,0.789616,0.789616,0.789616,0.789616,0.789616
hybrid_bm25_medcpt,pubmedqa_labeled,sparse,ndcg@20,0.804957,0.000000,0.804957,0.804957,5,13 21 42 87 100,0.804957,0.804957,0.804957,0.804957,0.804957
hybrid_bm25_medcpt,pubmedqa_labeled,sparse,mrr,0.958119,0.000000,0.958119,0.958119,5,13 21 42 87 100,0.958119,0.958119,0.958119,0.958119,0.958119
hybrid_bm25_medcpt,pubmedqa_labeled,sparse,mrr@10,0.958119,0.000000,0.958119,0.958119,5,13 21 42 87 100,0.958119,0.958119,0.958119,0.958119,0.958119
hybrid_bm25_medcpt,pubmedqa_labeled,sparse,recall@5,0.722724,0.000000,0.722724,0.722724,5,13 21 42 87 100,0.722724,0.722724,0.722724,0.722724,0.722724
hybrid_bm25_medcpt,pubmedqa_labeled,sparse,recall@10,0.783519,0.000000,0.783519,0.783519,5,13 21 42 87 100,0.783519,0.783519,0.783519,0.783519,0.783519
hybrid_bm25_medcpt,pubmedqa_labeled,sparse,recall@20,0.825771,0.000000,0.825771,0.825771,5,13 21 42 87 100,0.825771,0.825771,0.825771,0.825771,0.825771
hybrid_bm25_medcpt,pubmedqa_labeled,sparse,hit@5,0.978000,0.000000,0.978000,0.978000,5,13 21 42 87 100,0.978000,0.978000,0.978000,0.978000,0.978000
hybrid_bm25_medcpt,pubmedqa_labeled,sparse,hit@10,0.981000,0.000000,0.981000,0.981000,5,13 21 42 87 100,0.981000,0.981000,0.981000,0.981000,0.981000
hybrid_bm25_medcpt,pubmedqa_labeled,sparse,hit@20,0.986000,0.000000,0.986000,0.986000,5,13 21 42 87 100,0.986000,0.986000,0.986000,0.986000,0.986000
hybrid_bm25_medcpt,pubmedqa_labeled,sparse,hit@50,0.990000,0.000000,0.990000,0.990000,5,13 21 42 87 100,0.990000,0.990000,0.990000,0.990000,0.990000
hybrid_bm25_medcpt,pubmedqa_labeled,sparse,ndcg@100,0.847013,0.000000,0.847013,0.847013,5,13 21 42 87 100,0.847013,0.847013,0.847013,0.847013,0.847013
hybrid_bm25_medcpt,pubmedqa_labeled,sparse,ndcg@50,0.819244,0.000000,0.819244,0.819244,5,13 21 42 87 100,0.819244,0.819244,0.819244,0.819244,0.819244
hybrid_bm25_medcpt,pubmedqa_labeled,sparse,recall@100,1.000000,0.000000,1.000000,1.000000,5,13 21 42 87 100,1.000000,1.000000,1.000000,1.000000,1.000000
hybrid_bm25_medcpt,pubmedqa_labeled,sparse,recall@50,0.876824,0.000000,0.876824,0.876824,5,13 21 42 87 100,0.876824,0.876824,0.876824,0.876824,0.876824
hybrid_spladepp_faiss,medmcqa,dense,ndcg@5,0.296361,0.000000,0.296361,0.296361,5,13 21 42 87 100,0.296361,0.296361,0.296361,0.296361,0.296361
hybrid_spladepp_faiss,medmcqa,dense,ndcg@10,0.328145,0.000000,0.328145,0.328145,5,13 21 42 87 100,0.328145,0.328145,0.328145,0.328145,0.328145
hybrid_spladepp_faiss,medmcqa,dense,ndcg@20,0.353000,0.000000,0.353000,0.353000,5,13 21 42 87 100,0.353000,0.353000,0.353000,0.353000,0.353000
hybrid_spladepp_faiss,medmcqa,dense,mrr,0.285676,0.000000,0.285676,0.285676,5,13 21 42 87 100,0.285676,0.285676,0.285676,0.285676,0.285676
hybrid_spladepp_faiss,medmcqa,dense,mrr@10,0.285676,0.000000,0.285676,0.285676,5,13 21 42 87 100,0.285676,0.285676,0.285676,0.285676,0.285676
hybrid_spladepp_faiss,medmcqa,dense,recall@5,0.407342,0.000000,0.407342,0.407342,5,13 21 42 87 100,0.407342,0.407342,0.407342,0.407342,0.407342
hybrid_spladepp_faiss,medmcqa,dense,recall@10,0.505104,0.000000,0.505104,0.505104,5,13 21 42 87 100,0.505104,0.505104,0.505104,0.505104,0.505104
hybrid_spladepp_faiss,medmcqa,dense,recall@20,0.602866,0.000000,0.602866,0.602866,5,13 21 42 87 100,0.602866,0.602866,0.602866,0.602866,0.602866
hybrid_spladepp_faiss,medmcqa,dense,hit@5,0.407342,0.000000,0.407342,0.407342,5,13 21 42 87 100,0.407342,0.407342,0.407342,0.407342,0.407342
hybrid_spladepp_faiss,medmcqa,dense,hit@10,0.505104,0.000000,0.505104,0.505104,5,13 21 42 87 100,0.505104,0.505104,0.505104,0.505104,0.505104
hybrid_spladepp_faiss,medmcqa,dense,hit@20,0.602866,0.000000,0.602866,0.602866,5,13 21 42 87 100,0.602866,0.602866,0.602866,0.602866,0.602866
hybrid_spladepp_faiss,medmcqa,dense,hit@50,0.720259,0.000000,0.720259,0.720259,5,13 21 42 87 100,0.720259,0.720259,0.720259,0.720259,0.720259
hybrid_spladepp_faiss,medmcqa,dense,ndcg@100,0.401500,0.000000,0.401500,0.401500,5,13 21 42 87 100,0.401500,0.401500,0.401500,0.401500,0.401500
hybrid_spladepp_faiss,medmcqa,dense,ndcg@50,0.376575,0.000000,0.376575,0.376575,5,13 21 42 87 100,0.376575,0.376575,0.376575,0.376575,0.376575
hybrid_spladepp_faiss,medmcqa,dense,recall@100,0.878877,0.000000,0.878877,0.878877,5,13 21 42 87 100,0.878877,0.878877,0.878877,0.878877,0.878877
hybrid_spladepp_faiss,medmcqa,dense,recall@50,0.720259,0.000000,0.720259,0.720259,5,13 21 42 87 100,0.720259,0.720259,0.720259,0.720259,0.720259
hybrid_spladepp_faiss,medmcqa,gardian,ndcg@5,0.446004,0.002555,0.441854,0.447876,5,13 21 42 87 100,0.447859,0.445250,0.441854,0.447179,0.447876
hybrid_spladepp_faiss,medmcqa,gardian,ndcg@10,0.481979,0.002158,0.478555,0.484534,5,13 21 42 87 100,0.484534,0.481992,0.478555,0.482393,0.482424
hybrid_spladepp_faiss,medmcqa,gardian,ndcg@20,0.504122,0.001917,0.501205,0.506562,5,13 21 42 87 100,0.506562,0.504007,0.501205,0.504259,0.504577
hybrid_spladepp_faiss,medmcqa,gardian,mrr,0.425060,0.002387,0.421620,0.428259,5,13 21 42 87 100,0.428259,0.424459,0.421620,0.425527,0.425437
hybrid_spladepp_faiss,medmcqa,gardian,mrr@10,0.425060,0.002387,0.421620,0.428259,5,13 21 42 87 100,0.428259,0.424459,0.421620,0.425527,0.425437
hybrid_spladepp_faiss,medmcqa,gardian,recall@5,0.581665,0.003872,0.576364,0.586572,5,13 21 42 87 100,0.580291,0.581076,0.576364,0.584020,0.586572
hybrid_spladepp_faiss,medmcqa,gardian,recall@10,0.692187,0.001637,0.689439,0.693757,5,13 21 42 87 100,0.692776,0.693757,0.689439,0.692187,0.692776
hybrid_spladepp_faiss,medmcqa,gardian,recall@20,0.778956,0.000972,0.777778,0.780330,5,13 21 42 87 100,0.778956,0.780330,0.778367,0.777778,0.779348
hybrid_spladepp_faiss,medmcqa,gardian,hit@5,0.581665,0.003872,0.576364,0.586572,5,13 21 42 87 100,0.580291,0.581076,0.576364,0.584020,0.586572
hybrid_spladepp_faiss,medmcqa,gardian,hit@10,0.692187,0.001637,0.689439,0.693757,5,13 21 42 87 100,0.692776,0.693757,0.689439,0.692187,0.692776
hybrid_spladepp_faiss,medmcqa,gardian,hit@20,0.778956,0.000972,0.777778,0.780330,5,13 21 42 87 100,0.778956,0.780330,0.778367,0.777778,0.779348
hybrid_spladepp_faiss,medmcqa,gardian,hit@50,0.855359,0.000946,0.853750,0.856105,5,13 21 42 87 100,0.855320,0.855713,0.853750,0.856105,0.855909
hybrid_spladepp_faiss,medmcqa,gardian,ndcg@100,0.523393,0.001931,0.520496,0.525837,5,13 21 42 87 100,0.525837,0.522980,0.520496,0.523830,0.523823
hybrid_spladepp_faiss,medmcqa,gardian,ndcg@50,0.519470,0.002049,0.516287,0.521911,5,13 21 42 87 100,0.521911,0.519127,0.516287,0.520023,0.520004
hybrid_spladepp_faiss,medmcqa,gardian,recall@100,0.878877,0.000000,0.878877,0.878877,5,13 21 42 87 100,0.878877,0.878877,0.878877,0.878877,0.878877
hybrid_spladepp_faiss,medmcqa,gardian,recall@50,0.855359,0.000946,0.853750,0.856105,5,13 21 42 87 100,0.855320,0.855713,0.853750,0.856105,0.855909
hybrid_spladepp_faiss,medmcqa,global_alpha,alpha_sparse,0.740000,0.000000,0.740000,0.740000,5,13 21 42 87 100,0.740000,0.740000,0.740000,0.740000,0.740000
hybrid_spladepp_faiss,medmcqa,hybrid,ndcg@5,0.435034,0.000000,0.435034,0.435034,5,13 21 42 87 100,0.435034,0.435034,0.435034,0.435034,0.435034
hybrid_spladepp_faiss,medmcqa,hybrid,ndcg@10,0.470328,0.000000,0.470328,0.470328,5,13 21 42 87 100,0.470328,0.470328,0.470328,0.470328,0.470328
hybrid_spladepp_faiss,medmcqa,hybrid,ndcg@20,0.490886,0.000000,0.490886,0.490886,5,13 21 42 87 100,0.490886,0.490886,0.490886,0.490886,0.490886
hybrid_spladepp_faiss,medmcqa,hybrid,mrr,0.414262,0.000000,0.414262,0.414262,5,13 21 42 87 100,0.414262,0.414262,0.414262,0.414262,0.414262
hybrid_spladepp_faiss,medmcqa,hybrid,mrr@10,0.414262,0.000000,0.414262,0.414262,5,13 21 42 87 100,0.414262,0.414262,0.414262,0.414262,0.414262
hybrid_spladepp_faiss,medmcqa,hybrid,recall@5,0.568512,0.000000,0.568512,0.568512,5,13 21 42 87 100,0.568512,0.568512,0.568512,0.568512,0.568512
hybrid_spladepp_faiss,medmcqa,hybrid,recall@10,0.676875,0.000000,0.676875,0.676875,5,13 21 42 87 100,0.676875,0.676875,0.676875,0.676875,0.676875
hybrid_spladepp_faiss,medmcqa,hybrid,recall@20,0.757754,0.000000,0.757754,0.757754,5,13 21 42 87 100,0.757754,0.757754,0.757754,0.757754,0.757754
hybrid_spladepp_faiss,medmcqa,hybrid,hit@5,0.568512,0.000000,0.568512,0.568512,5,13 21 42 87 100,0.568512,0.568512,0.568512,0.568512,0.568512
hybrid_spladepp_faiss,medmcqa,hybrid,hit@10,0.676875,0.000000,0.676875,0.676875,5,13 21 42 87 100,0.676875,0.676875,0.676875,0.676875,0.676875
hybrid_spladepp_faiss,medmcqa,hybrid,hit@20,0.757754,0.000000,0.757754,0.757754,5,13 21 42 87 100,0.757754,0.757754,0.757754,0.757754,0.757754
hybrid_spladepp_faiss,medmcqa,hybrid,hit@50,0.823910,0.000000,0.823910,0.823910,5,13 21 42 87 100,0.823910,0.823910,0.823910,0.823910,0.823910
hybrid_spladepp_faiss,medmcqa,hybrid,ndcg@100,0.513540,0.000000,0.513540,0.513540,5,13 21 42 87 100,0.513540,0.513540,0.513540,0.513540,0.513540
hybrid_spladepp_faiss,medmcqa,hybrid,ndcg@50,0.504281,0.000000,0.504281,0.504281,5,13 21 42 87 100,0.504281,0.504281,0.504281,0.504281,0.504281
hybrid_spladepp_faiss,medmcqa,hybrid,recall@100,0.878877,0.000000,0.878877,0.878877,5,13 21 42 87 100,0.878877,0.878877,0.878877,0.878877,0.878877
hybrid_spladepp_faiss,medmcqa,hybrid,recall@50,0.823910,0.000000,0.823910,0.823910,5,13 21 42 87 100,0.823910,0.823910,0.823910,0.823910,0.823910
hybrid_spladepp_faiss,medmcqa,oracle_alpha,ndcg@10,0.563502,0.000000,0.563502,0.563502,5,13 21 42 87 100,0.563502,0.563502,0.563502,0.563502,0.563502
hybrid_spladepp_faiss,medmcqa,oracle_alpha,best_alpha_mean,0.263080,0.000000,0.263080,0.263080,5,13 21 42 87 100,0.263080,0.263080,0.263080,0.263080,0.263080
hybrid_spladepp_faiss,medmcqa,oracle_alpha,best_alpha_std,0.336648,0.000000,0.336648,0.336648,5,13 21 42 87 100,0.336648,0.336648,0.336648,0.336648,0.336648
hybrid_spladepp_faiss,medmcqa,oracle_alpha,invariant_fraction,0.293277,0.000000,0.293277,0.293277,5,13 21 42 87 100,0.293277,0.293277,0.293277,0.293277,0.293277
hybrid_spladepp_faiss,medmcqa,oracle_alpha,ndcg@10_gold_in_pool,0.641162,0.000000,0.641162,0.641162,5,13 21 42 87 100,0.641162,0.641162,0.641162,0.641162,0.641162
hybrid_spladepp_faiss,medmcqa,oracle_alpha,tie_fraction,0.577469,0.000000,0.577469,0.577469,5,13 21 42 87 100,0.577469,0.577469,0.577469,0.577469,0.577469
hybrid_spladepp_faiss,medmcqa,oracle_rerank,ndcg@10,0.878877,0.000000,0.878877,0.878877,5,13 21 42 87 100,0.878877,0.878877,0.878877,0.878877,0.878877
hybrid_spladepp_faiss,medmcqa,pool,recall,0.878877,0.000000,0.878877,0.878877,5,13 21 42 87 100,0.878877,0.878877,0.878877,0.878877,0.878877
hybrid_spladepp_faiss,medmcqa,rrf,ndcg@5,0.395747,0.000000,0.395747,0.395747,5,13 21 42 87 100,0.395747,0.395747,0.395747,0.395747,0.395747
hybrid_spladepp_faiss,medmcqa,rrf,ndcg@10,0.437320,0.000000,0.437320,0.437320,5,13 21 42 87 100,0.437320,0.437320,0.437320,0.437320,0.437320
hybrid_spladepp_faiss,medmcqa,rrf,ndcg@20,0.463547,0.000000,0.463547,0.463547,5,13 21 42 87 100,0.463547,0.463547,0.463547,0.463547,0.463547
hybrid_spladepp_faiss,medmcqa,rrf,mrr,0.378655,0.000000,0.378655,0.378655,5,13 21 42 87 100,0.378655,0.378655,0.378655,0.378655,0.378655
hybrid_spladepp_faiss,medmcqa,rrf,mrr@10,0.378655,0.000000,0.378655,0.378655,5,13 21 42 87 100,0.378655,0.378655,0.378655,0.378655,0.378655
hybrid_spladepp_faiss,medmcqa,rrf,recall@5,0.531410,0.000000,0.531410,0.531410,5,13 21 42 87 100,0.531410,0.531410,0.531410,0.531410,0.531410
hybrid_spladepp_faiss,medmcqa,rrf,recall@10,0.659600,0.000000,0.659600,0.659600,5,13 21 42 87 100,0.659600,0.659600,0.659600,0.659600,0.659600
hybrid_spladepp_faiss,medmcqa,rrf,recall@20,0.762269,0.000000,0.762269,0.762269,5,13 21 42 87 100,0.762269,0.762269,0.762269,0.762269,0.762269
hybrid_spladepp_faiss,medmcqa,rrf,hit@5,0.531410,0.000000,0.531410,0.531410,5,13 21 42 87 100,0.531410,0.531410,0.531410,0.531410,0.531410
hybrid_spladepp_faiss,medmcqa,rrf,hit@10,0.659600,0.000000,0.659600,0.659600,5,13 21 42 87 100,0.659600,0.659600,0.659600,0.659600,0.659600
hybrid_spladepp_faiss,medmcqa,rrf,hit@20,0.762269,0.000000,0.762269,0.762269,5,13 21 42 87 100,0.762269,0.762269,0.762269,0.762269,0.762269
hybrid_spladepp_faiss,medmcqa,rrf,hit@50,0.843934,0.000000,0.843934,0.843934,5,13 21 42 87 100,0.843934,0.843934,0.843934,0.843934,0.843934
hybrid_spladepp_faiss,medmcqa,rrf,ndcg@100,0.485696,0.000000,0.485696,0.485696,5,13 21 42 87 100,0.485696,0.485696,0.485696,0.485696,0.485696
hybrid_spladepp_faiss,medmcqa,rrf,ndcg@50,0.479914,0.000000,0.479914,0.479914,5,13 21 42 87 100,0.479914,0.479914,0.479914,0.479914,0.479914
hybrid_spladepp_faiss,medmcqa,rrf,recall@100,0.878877,0.000000,0.878877,0.878877,5,13 21 42 87 100,0.878877,0.878877,0.878877,0.878877,0.878877
hybrid_spladepp_faiss,medmcqa,rrf,recall@50,0.843934,0.000000,0.843934,0.843934,5,13 21 42 87 100,0.843934,0.843934,0.843934,0.843934,0.843934
hybrid_spladepp_faiss,medmcqa,sparse,ndcg@5,0.430265,0.000000,0.430265,0.430265,5,13 21 42 87 100,0.430265,0.430265,0.430265,0.430265,0.430265
hybrid_spladepp_faiss,medmcqa,sparse,ndcg@10,0.465614,0.000000,0.465614,0.465614,5,13 21 42 87 100,0.465614,0.465614,0.465614,0.465614,0.465614
hybrid_spladepp_faiss,medmcqa,sparse,ndcg@20,0.486241,0.000000,0.486241,0.486241,5,13 21 42 87 100,0.486241,0.486241,0.486241,0.486241,0.486241
hybrid_spladepp_faiss,medmcqa,sparse,mrr,0.410696,0.000000,0.410696,0.410696,5,13 21 42 87 100,0.410696,0.410696,0.410696,0.410696,0.410696
hybrid_spladepp_faiss,medmcqa,sparse,mrr@10,0.410696,0.000000,0.410696,0.410696,5,13 21 42 87 100,0.410696,0.410696,0.410696,0.410696,0.410696
hybrid_spladepp_faiss,medmcqa,sparse,recall@5,0.560267,0.000000,0.560267,0.560267,5,13 21 42 87 100,0.560267,0.560267,0.560267,0.560267,0.560267
hybrid_spladepp_faiss,medmcqa,sparse,recall@10,0.669022,0.000000,0.669022,0.669022,5,13 21 42 87 100,0.669022,0.669022,0.669022,0.669022,0.669022
hybrid_spladepp_faiss,medmcqa,sparse,recall@20,0.749902,0.000000,0.749902,0.749902,5,13 21 42 87 100,0.749902,0.749902,0.749902,0.749902,0.749902
hybrid_spladepp_faiss,medmcqa,sparse,hit@5,0.560267,0.000000,0.560267,0.560267,5,13 21 42 87 100,0.560267,0.560267,0.560267,0.560267,0.560267
hybrid_spladepp_faiss,medmcqa,sparse,hit@10,0.669022,0.000000,0.669022,0.669022,5,13 21 42 87 100,0.669022,0.669022,0.669022,0.669022,0.669022
hybrid_spladepp_faiss,medmcqa,sparse,hit@20,0.749902,0.000000,0.749902,0.749902,5,13 21 42 87 100,0.749902,0.749902,0.749902,0.749902,0.749902
hybrid_spladepp_faiss,medmcqa,sparse,hit@50,0.823910,0.000000,0.823910,0.823910,5,13 21 42 87 100,0.823910,0.823910,0.823910,0.823910,0.823910
hybrid_spladepp_faiss,medmcqa,sparse,ndcg@100,0.509999,0.000000,0.509999,0.509999,5,13 21 42 87 100,0.509999,0.509999,0.509999,0.509999,0.509999
hybrid_spladepp_faiss,medmcqa,sparse,ndcg@50,0.501114,0.000000,0.501114,0.501114,5,13 21 42 87 100,0.501114,0.501114,0.501114,0.501114,0.501114
hybrid_spladepp_faiss,medmcqa,sparse,recall@100,0.878877,0.000000,0.878877,0.878877,5,13 21 42 87 100,0.878877,0.878877,0.878877,0.878877,0.878877
hybrid_spladepp_faiss,medmcqa,sparse,recall@50,0.823910,0.000000,0.823910,0.823910,5,13 21 42 87 100,0.823910,0.823910,0.823910,0.823910,0.823910
hybrid_spladepp_faiss,pubmedqa_artificial,dense,ndcg@5,0.662622,0.000000,0.662622,0.662622,5,13 21 42 87 100,0.662622,0.662622,0.662622,0.662622,0.662622
hybrid_spladepp_faiss,pubmedqa_artificial,dense,ndcg@10,0.705947,0.000000,0.705947,0.705947,5,13 21 42 87 100,0.705947,0.705947,0.705947,0.705947,0.705947
hybrid_spladepp_faiss,pubmedqa_artificial,dense,ndcg@20,0.734435,0.000000,0.734435,0.734435,5,13 21 42 87 100,0.734435,0.734435,0.734435,0.734435,0.734435
hybrid_spladepp_faiss,pubmedqa_artificial,dense,mrr,0.851217,0.000000,0.851217,0.851217,5,13 21 42 87 100,0.851217,0.851217,0.851217,0.851217,0.851217
hybrid_spladepp_faiss,pubmedqa_artificial,dense,mrr@10,0.851217,0.000000,0.851217,0.851217,5,13 21 42 87 100,0.851217,0.851217,0.851217,0.851217,0.851217
hybrid_spladepp_faiss,pubmedqa_artificial,dense,recall@5,0.654994,0.000000,0.654994,0.654994,5,13 21 42 87 100,0.654994,0.654994,0.654994,0.654994,0.654994
hybrid_spladepp_faiss,pubmedqa_artificial,dense,recall@10,0.754383,0.000000,0.754383,0.754383,5,13 21 42 87 100,0.754383,0.754383,0.754383,0.754383,0.754383
hybrid_spladepp_faiss,pubmedqa_artificial,dense,recall@20,0.837962,0.000000,0.837962,0.837962,5,13 21 42 87 100,0.837962,0.837962,0.837962,0.837962,0.837962
hybrid_spladepp_faiss,pubmedqa_artificial,dense,hit@5,0.929026,0.000000,0.929026,0.929026,5,13 21 42 87 100,0.929026,0.929026,0.929026,0.929026,0.929026
hybrid_spladepp_faiss,pubmedqa_artificial,dense,hit@10,0.959161,0.000000,0.959161,0.959161,5,13 21 42 87 100,0.959161,0.959161,0.959161,0.959161,0.959161
hybrid_spladepp_faiss,pubmedqa_artificial,dense,hit@20,0.976123,0.000000,0.976123,0.976123,5,13 21 42 87 100,0.976123,0.976123,0.976123,0.976123,0.976123
hybrid_spladepp_faiss,pubmedqa_artificial,dense,hit@50,0.988912,0.000000,0.988912,0.988912,5,13 21 42 87 100,0.988912,0.988912,0.988912,0.988912,0.988912
hybrid_spladepp_faiss,pubmedqa_artificial,dense,ndcg@100,0.773151,0.000000,0.773151,0.773151,5,13 21 42 87 100,0.773151,0.773151,0.773151,0.773151,0.773151
hybrid_spladepp_faiss,pubmedqa_artificial,dense,ndcg@50,0.759968,0.000000,0.759968,0.759968,5,13 21 42 87 100,0.759968,0.759968,0.759968,0.759968,0.759968
hybrid_spladepp_faiss,pubmedqa_artificial,dense,recall@100,0.996377,0.000000,0.996377,0.996377,5,13 21 42 87 100,0.996377,0.996377,0.996377,0.996377,0.996377
hybrid_spladepp_faiss,pubmedqa_artificial,dense,recall@50,0.933900,0.000000,0.933900,0.933900,5,13 21 42 87 100,0.933900,0.933900,0.933900,0.933900,0.933900
hybrid_spladepp_faiss,pubmedqa_artificial,gardian,ndcg@5,0.756535,0.001635,0.754930,0.759060,5,13 21 42 87 100,0.757203,0.755609,0.754930,0.755874,0.759060
hybrid_spladepp_faiss,pubmedqa_artificial,gardian,ndcg@10,0.794087,0.001655,0.792825,0.796685,5,13 21 42 87 100,0.794766,0.793331,0.792829,0.792825,0.796685
hybrid_spladepp_faiss,pubmedqa_artificial,gardian,ndcg@20,0.817629,0.001477,0.816444,0.819899,5,13 21 42 87 100,0.818339,0.816903,0.816562,0.816444,0.819899
hybrid_spladepp_faiss,pubmedqa_artificial,gardian,mrr,0.915499,0.001217,0.913704,0.917030,5,13 21 42 87 100,0.915141,0.915679,0.913704,0.915941,0.917030
hybrid_spladepp_faiss,pubmedqa_artificial,gardian,mrr@10,0.915499,0.001217,0.913704,0.917030,5,13 21 42 87 100,0.915141,0.915679,0.913704,0.915941,0.917030
hybrid_spladepp_faiss,pubmedqa_artificial,gardian,recall@5,0.749304,0.001910,0.747579,0.752024,5,13 21 42 87 100,0.750547,0.748480,0.747579,0.747890,0.752024
hybrid_spladepp_faiss,pubmedqa_artificial,gardian,recall@10,0.834686,0.002210,0.831790,0.837580,5,13 21 42 87 100,0.836014,0.834287,0.833760,0.831790,0.837580
hybrid_spladepp_faiss,pubmedqa_artificial,gardian,recall@20,0.903527,0.001896,0.900722,0.905535,5,13 21 42 87 100,0.905020,0.903130,0.903228,0.900722,0.905535
hybrid_spladepp_faiss,pubmedqa_artificial,gardian,hit@5,0.968515,0.000811,0.967175,0.969371,5,13 21 42 87 100,0.968767,0.968548,0.967175,0.968712,0.969371
hybrid_spladepp_faiss,pubmedqa_artificial,gardian,hit@10,0.982029,0.000367,0.981612,0.982435,5,13 21 42 87 100,0.982435,0.982215,0.981612,0.981666,0.982215
hybrid_spladepp_faiss,pubmedqa_artificial,gardian,hit@20,0.989318,0.000167,0.989132,0.989516,5,13 21 42 87 100,0.989461,0.989187,0.989132,0.989296,0.989516
hybrid_spladepp_faiss,pubmedqa_artificial,gardian,hit@50,0.994698,0.000232,0.994401,0.994950,5,13 21 42 87 100,0.994785,0.994511,0.994401,0.994950,0.994840
hybrid_spladepp_faiss,pubmedqa_artificial,gardian,ndcg@100,0.841562,0.001068,0.840574,0.843237,5,13 21 42 87 100,0.841969,0.840943,0.840574,0.841084,0.843237
hybrid_spladepp_faiss,pubmedqa_artificial,gardian,ndcg@50,0.836740,0.001072,0.835613,0.838137,5,13 21 42 87 100,0.837597,0.836114,0.835613,0.836239,0.838137
hybrid_spladepp_faiss,pubmedqa_artificial,gardian,recall@100,0.996377,0.000000,0.996377,0.996377,5,13 21 42 87 100,0.996377,0.996377,0.996377,0.996377,0.996377
hybrid_spladepp_faiss,pubmedqa_artificial,gardian,recall@50,0.974654,0.001237,0.973387,0.976676,5,13 21 42 87 100,0.976676,0.974658,0.974015,0.974533,0.973387
hybrid_spladepp_faiss,pubmedqa_artificial,global_alpha,alpha_sparse,0.480000,0.000000,0.480000,0.480000,5,13 21 42 87 100,0.480000,0.480000,0.480000,0.480000,0.480000
hybrid_spladepp_faiss,pubmedqa_artificial,hybrid,ndcg@5,0.664743,0.000000,0.664743,0.664743,5,13 21 42 87 100,0.664743,0.664743,0.664743,0.664743,0.664743
hybrid_spladepp_faiss,pubmedqa_artificial,hybrid,ndcg@10,0.696141,0.000000,0.696141,0.696141,5,13 21 42 87 100,0.696141,0.696141,0.696141,0.696141,0.696141
hybrid_spladepp_faiss,pubmedqa_artificial,hybrid,ndcg@20,0.717036,0.000000,0.717036,0.717036,5,13 21 42 87 100,0.717036,0.717036,0.717036,0.717036,0.717036
hybrid_spladepp_faiss,pubmedqa_artificial,hybrid,mrr,0.867562,0.000000,0.867562,0.867562,5,13 21 42 87 100,0.867562,0.867562,0.867562,0.867562,0.867562
hybrid_spladepp_faiss,pubmedqa_artificial,hybrid,mrr@10,0.867562,0.000000,0.867562,0.867562,5,13 21 42 87 100,0.867562,0.867562,0.867562,0.867562,0.867562
hybrid_spladepp_faiss,pubmedqa_artificial,hybrid,recall@5,0.644907,0.000000,0.644907,0.644907,5,13 21 42 87 100,0.644907,0.644907,0.644907,0.644907,0.644907
hybrid_spladepp_faiss,pubmedqa_artificial,hybrid,recall@10,0.716565,0.000000,0.716565,0.716565,5,13 21 42 87 100,0.716565,0.716565,0.716565,0.716565,0.716565
hybrid_spladepp_faiss,pubmedqa_artificial,hybrid,recall@20,0.777613,0.000000,0.777613,0.777613,5,13 21 42 87 100,0.777613,0.777613,0.777613,0.777613,0.777613
hybrid_spladepp_faiss,pubmedqa_artificial,hybrid,hit@5,0.937260,0.000000,0.937260,0.937260,5,13 21 42 87 100,0.937260,0.937260,0.937260,0.937260,0.937260
hybrid_spladepp_faiss,pubmedqa_artificial,hybrid,hit@10,0.959546,0.000000,0.959546,0.959546,5,13 21 42 87 100,0.959546,0.959546,0.959546,0.959546,0.959546
hybrid_spladepp_faiss,pubmedqa_artificial,hybrid,hit@20,0.973927,0.000000,0.973927,0.973927,5,13 21 42 87 100,0.973927,0.973927,0.973927,0.973927,0.973927
hybrid_spladepp_faiss,pubmedqa_artificial,hybrid,hit@50,0.983917,0.000000,0.983917,0.983917,5,13 21 42 87 100,0.983917,0.983917,0.983917,0.983917,0.983917
hybrid_spladepp_faiss,pubmedqa_artificial,hybrid,ndcg@100,0.769579,0.000000,0.769579,0.769579,5,13 21 42 87 100,0.769579,0.769579,0.769579,0.769579,0.769579
hybrid_spladepp_faiss,pubmedqa_artificial,hybrid,ndcg@50,0.733286,0.000000,0.733286,0.733286,5,13 21 42 87 100,0.733286,0.733286,0.733286,0.733286,0.733286
hybrid_spladepp_faiss,pubmedqa_artificial,hybrid,recall@100,0.996377,0.000000,0.996377,0.996377,5,13 21 42 87 100,0.996377,0.996377,0.996377,0.996377,0.996377
hybrid_spladepp_faiss,pubmedqa_artificial,hybrid,recall@50,0.837027,0.000000,0.837027,0.837027,5,13 21 42 87 100,0.837027,0.837027,0.837027,0.837027,0.837027
hybrid_spladepp_faiss,pubmedqa_artificial,oracle_alpha,ndcg@10,0.831995,0.000000,0.831995,0.831995,5,13 21 42 87 100,0.831995,0.831995,0.831995,0.831995,0.831995
hybrid_spladepp_faiss,pubmedqa_artificial,oracle_alpha,best_alpha_mean,0.194701,0.000000,0.194701,0.194701,5,13 21 42 87 100,0.194701,0.194701,0.194701,0.194701,0.194701
hybrid_spladepp_faiss,pubmedqa_artificial,oracle_alpha,best_alpha_std,0.295372,0.000000,0.295372,0.295372,5,13 21 42 87 100,0.295372,0.295372,0.295372,0.295372,0.295372
hybrid_spladepp_faiss,pubmedqa_artificial,oracle_alpha,invariant_fraction,0.189566,0.000000,0.189566,0.189566,5,13 21 42 87 100,0.189566,0.189566,0.189566,0.189566,0.189566
hybrid_spladepp_faiss,pubmedqa_artificial,oracle_alpha,ndcg@10_gold_in_pool,0.835020,0.000000,0.835020,0.835020,5,13 21 42 87 100,0.835020,0.835020,0.835020,0.835020,0.835020
hybrid_spladepp_faiss,pubmedqa_artificial,oracle_alpha,tie_fraction,0.474070,0.000000,0.474070,0.474070,5,13 21 42 87 100,0.474070,0.474070,0.474070,0.474070,0.474070
hybrid_spladepp_faiss,pubmedqa_artificial,oracle_rerank,ndcg@10,0.996377,0.000000,0.996377,0.996377,5,13 21 42 87 100,0.996377,0.996377,0.996377,0.996377,0.996377
hybrid_spladepp_faiss,pubmedqa_artificial,pool,recall,0.996377,0.000000,0.996377,0.996377,5,13 21 42 87 100,0.996377,0.996377,0.996377,0.996377,0.996377
hybrid_spladepp_faiss,pubmedqa_artificial,rrf,ndcg@5,0.712479,0.000000,0.712479,0.712479,5,13 21 42 87 100,0.712479,0.712479,0.712479,0.712479,0.712479
hybrid_spladepp_faiss,pubmedqa_artificial,rrf,ndcg@10,0.751947,0.000000,0.751947,0.751947,5,13 21 42 87 100,0.751947,0.751947,0.751947,0.751947,0.751947
hybrid_spladepp_faiss,pubmedqa_artificial,rrf,ndcg@20,0.780111,0.000000,0.780111,0.780111,5,13 21 42 87 100,0.780111,0.780111,0.780111,0.780111,0.780111
hybrid_spladepp_faiss,pubmedqa_artificial,rrf,mrr,0.897239,0.000000,0.897239,0.897239,5,13 21 42 87 100,0.897239,0.897239,0.897239,0.897239,0.897239
hybrid_spladepp_faiss,pubmedqa_artificial,rrf,mrr@10,0.897239,0.000000,0.897239,0.897239,5,13 21 42 87 100,0.897239,0.897239,0.897239,0.897239,0.897239
hybrid_spladepp_faiss,pubmedqa_artificial,rrf,recall@5,0.699157,0.000000,0.699157,0.699157,5,13 21 42 87 100,0.699157,0.699157,0.699157,0.699157,0.699157
hybrid_spladepp_faiss,pubmedqa_artificial,rrf,recall@10,0.789047,0.000000,0.789047,0.789047,5,13 21 42 87 100,0.789047,0.789047,0.789047,0.789047,0.789047
hybrid_spladepp_faiss,pubmedqa_artificial,rrf,recall@20,0.871213,0.000000,0.871213,0.871213,5,13 21 42 87 100,0.871213,0.871213,0.871213,0.871213,0.871213
hybrid_spladepp_faiss,pubmedqa_artificial,rrf,hit@5,0.958777,0.000000,0.958777,0.958777,5,13 21 42 87 100,0.958777,0.958777,0.958777,0.958777,0.958777
hybrid_spladepp_faiss,pubmedqa_artificial,rrf,hit@10,0.977495,0.000000,0.977495,0.977495,5,13 21 42 87 100,0.977495,0.977495,0.977495,0.977495,0.977495
hybrid_spladepp_faiss,pubmedqa_artificial,rrf,hit@20,0.987704,0.000000,0.987704,0.987704,5,13 21 42 87 100,0.987704,0.987704,0.987704,0.987704,0.987704
hybrid_spladepp_faiss,pubmedqa_artificial,rrf,hit@50,0.993688,0.000000,0.993688,0.993688,5,13 21 42 87 100,0.993688,0.993688,0.993688,0.993688,0.993688
hybrid_spladepp_faiss,pubmedqa_artificial,rrf,ndcg@100,0.811448,0.000000,0.811448,0.811448,5,13 21 42 87 100,0.811448,0.811448,0.811448,0.811448,0.811448
hybrid_spladepp_faiss,pubmedqa_artificial,rrf,ndcg@50,0.801735,0.000000,0.801735,0.801735,5,13 21 42 87 100,0.801735,0.801735,0.801735,0.801735,0.801735
hybrid_spladepp_faiss,pubmedqa_artificial,rrf,recall@100,0.996377,0.000000,0.996377,0.996377,5,13 21 42 87 100,0.996377,0.996377,0.996377,0.996377,0.996377
hybrid_spladepp_faiss,pubmedqa_artificial,rrf,recall@50,0.951905,0.000000,0.951905,0.951905,5,13 21 42 87 100,0.951905,0.951905,0.951905,0.951905,0.951905
hybrid_spladepp_faiss,pubmedqa_artificial,sparse,ndcg@5,0.649205,0.000000,0.649205,0.649205,5,13 21 42 87 100,0.649205,0.649205,0.649205,0.649205,0.649205
hybrid_spladepp_faiss,pubmedqa_artificial,sparse,ndcg@10,0.680037,0.000000,0.680037,0.680037,5,13 21 42 87 100,0.680037,0.680037,0.680037,0.680037,0.680037
hybrid_spladepp_faiss,pubmedqa_artificial,sparse,ndcg@20,0.700678,0.000000,0.700678,0.700678,5,13 21 42 87 100,0.700678,0.700678,0.700678,0.700678,0.700678
hybrid_spladepp_faiss,pubmedqa_artificial,sparse,mrr,0.856469,0.000000,0.856469,0.856469,5,13 21 42 87 100,0.856469,0.856469,0.856469,0.856469,0.856469
hybrid_spladepp_faiss,pubmedqa_artificial,sparse,mrr@10,0.856469,0.000000,0.856469,0.856469,5,13 21 42 87 100,0.856469,0.856469,0.856469,0.856469,0.856469
hybrid_spladepp_faiss,pubmedqa_artificial,sparse,recall@5,0.628166,0.000000,0.628166,0.628166,5,13 21 42 87 100,0.628166,0.628166,0.628166,0.628166,0.628166
hybrid_spladepp_faiss,pubmedqa_artificial,sparse,recall@10,0.698721,0.000000,0.698721,0.698721,5,13 21 42 87 100,0.698721,0.698721,0.698721,0.698721,0.698721
hybrid_spladepp_faiss,pubmedqa_artificial,sparse,recall@20,0.759159,0.000000,0.759159,0.759159,5,13 21 42 87 100,0.759159,0.759159,0.759159,0.759159,0.759159
hybrid_spladepp_faiss,pubmedqa_artificial,sparse,hit@5,0.928093,0.000000,0.928093,0.928093,5,13 21 42 87 100,0.928093,0.928093,0.928093,0.928093,0.928093
hybrid_spladepp_faiss,pubmedqa_artificial,sparse,hit@10,0.953288,0.000000,0.953288,0.953288,5,13 21 42 87 100,0.953288,0.953288,0.953288,0.953288,0.953288
hybrid_spladepp_faiss,pubmedqa_artificial,sparse,hit@20,0.969206,0.000000,0.969206,0.969206,5,13 21 42 87 100,0.969206,0.969206,0.969206,0.969206,0.969206
hybrid_spladepp_faiss,pubmedqa_artificial,sparse,hit@50,0.983917,0.000000,0.983917,0.983917,5,13 21 42 87 100,0.983917,0.983917,0.983917,0.983917,0.983917
hybrid_spladepp_faiss,pubmedqa_artificial,sparse,ndcg@100,0.755626,0.000000,0.755626,0.755626,5,13 21 42 87 100,0.755626,0.755626,0.755626,0.755626,0.755626
hybrid_spladepp_faiss,pubmedqa_artificial,sparse,ndcg@50,0.721520,0.000000,0.721520,0.721520,5,13 21 42 87 100,0.721520,0.721520,0.721520,0.721520,0.721520
hybrid_spladepp_faiss,pubmedqa_artificial,sparse,recall@100,0.996377,0.000000,0.996377,0.996377,5,13 21 42 87 100,0.996377,0.996377,0.996377,0.996377,0.996377
hybrid_spladepp_faiss,pubmedqa_artificial,sparse,recall@50,0.837027,0.000000,0.837027,0.837027,5,13 21 42 87 100,0.837027,0.837027,0.837027,0.837027,0.837027
hybrid_spladepp_faiss,pubmedqa_labeled,dense,ndcg@5,0.861462,0.000000,0.861462,0.861462,5,13 21 42 87 100,0.861462,0.861462,0.861462,0.861462,0.861462
hybrid_spladepp_faiss,pubmedqa_labeled,dense,ndcg@10,0.892192,0.000000,0.892192,0.892192,5,13 21 42 87 100,0.892192,0.892192,0.892192,0.892192,0.892192
hybrid_spladepp_faiss,pubmedqa_labeled,dense,ndcg@20,0.908733,0.000000,0.908733,0.908733,5,13 21 42 87 100,0.908733,0.908733,0.908733,0.908733,0.908733
hybrid_spladepp_faiss,pubmedqa_labeled,dense,mrr,0.977612,0.000000,0.977612,0.977612,5,13 21 42 87 100,0.977612,0.977612,0.977612,0.977612,0.977612
hybrid_spladepp_faiss,pubmedqa_labeled,dense,mrr@10,0.977612,0.000000,0.977612,0.977612,5,13 21 42 87 100,0.977612,0.977612,0.977612,0.977612,0.977612
hybrid_spladepp_faiss,pubmedqa_labeled,dense,recall@5,0.841183,0.000000,0.841183,0.841183,5,13 21 42 87 100,0.841183,0.841183,0.841183,0.841183,0.841183
hybrid_spladepp_faiss,pubmedqa_labeled,dense,recall@10,0.907917,0.000000,0.907917,0.907917,5,13 21 42 87 100,0.907917,0.907917,0.907917,0.907917,0.907917
hybrid_spladepp_faiss,pubmedqa_labeled,dense,recall@20,0.953450,0.000000,0.953450,0.953450,5,13 21 42 87 100,0.953450,0.953450,0.953450,0.953450,0.953450
hybrid_spladepp_faiss,pubmedqa_labeled,dense,hit@5,0.989000,0.000000,0.989000,0.989000,5,13 21 42 87 100,0.989000,0.989000,0.989000,0.989000,0.989000
hybrid_spladepp_faiss,pubmedqa_labeled,dense,hit@10,0.993000,0.000000,0.993000,0.993000,5,13 21 42 87 100,0.993000,0.993000,0.993000,0.993000,0.993000
hybrid_spladepp_faiss,pubmedqa_labeled,dense,hit@20,0.996000,0.000000,0.996000,0.996000,5,13 21 42 87 100,0.996000,0.996000,0.996000,0.996000,0.996000
hybrid_spladepp_faiss,pubmedqa_labeled,dense,hit@50,0.999000,0.000000,0.999000,0.999000,5,13 21 42 87 100,0.999000,0.999000,0.999000,0.999000,0.999000
hybrid_spladepp_faiss,pubmedqa_labeled,dense,ndcg@100,0.921153,0.000000,0.921153,0.921153,5,13 21 42 87 100,0.921153,0.921153,0.921153,0.921153,0.921153
hybrid_spladepp_faiss,pubmedqa_labeled,dense,ndcg@50,0.917949,0.000000,0.917949,0.917949,5,13 21 42 87 100,0.917949,0.917949,0.917949,0.917949,0.917949
hybrid_spladepp_faiss,pubmedqa_labeled,dense,recall@100,1.000000,0.000000,1.000000,1.000000,5,13 21 42 87 100,1.000000,1.000000,1.000000,1.000000,1.000000
hybrid_spladepp_faiss,pubmedqa_labeled,dense,recall@50,0.985883,0.000000,0.985883,0.985883,5,13 21 42 87 100,0.985883,0.985883,0.985883,0.985883,0.985883
hybrid_spladepp_faiss,pubmedqa_labeled,gardian,ndcg@5,0.887306,0.002000,0.884316,0.889315,5,13 21 42 87 100,0.887957,0.884316,0.888599,0.886343,0.889315
hybrid_spladepp_faiss,pubmedqa_labeled,gardian,ndcg@10,0.912663,0.001544,0.910447,0.914627,5,13 21 42 87 100,0.913379,0.910447,0.914627,0.912706,0.912157
hybrid_spladepp_faiss,pubmedqa_labeled,gardian,ndcg@20,0.926130,0.000815,0.924753,0.926688,5,13 21 42 87 100,0.926536,0.924753,0.926653,0.926023,0.926688
hybrid_spladepp_faiss,pubmedqa_labeled,gardian,mrr,0.986327,0.000508,0.985850,0.987182,5,13 21 42 87 100,0.986209,0.986083,0.987182,0.986309,0.985850
hybrid_spladepp_faiss,pubmedqa_labeled,gardian,mrr@10,0.986327,0.000508,0.985850,0.987182,5,13 21 42 87 100,0.986209,0.986083,0.987182,0.986309,0.985850
hybrid_spladepp_faiss,pubmedqa_labeled,gardian,recall@5,0.869493,0.002536,0.865900,0.872667,5,13 21 42 87 100,0.870200,0.865900,0.870400,0.868300,0.872667
hybrid_spladepp_faiss,pubmedqa_labeled,gardian,recall@10,0.925460,0.001916,0.923200,0.927633,5,13 21 42 87 100,0.926117,0.923717,0.927633,0.926633,0.923200
hybrid_spladepp_faiss,pubmedqa_labeled,gardian,recall@20,0.961767,0.001022,0.960050,0.962517,5,13 21 42 87 100,0.961600,0.962317,0.960050,0.962350,0.962517
hybrid_spladepp_faiss,pubmedqa_labeled,gardian,hit@5,0.995000,0.000000,0.995000,0.995000,5,13 21 42 87 100,0.995000,0.995000,0.995000,0.995000,0.995000
hybrid_spladepp_faiss,pubmedqa_labeled,gardian,hit@10,0.999000,0.000000,0.999000,0.999000,5,13 21 42 87 100,0.999000,0.999000,0.999000,0.999000,0.999000
hybrid_spladepp_faiss,pubmedqa_labeled,gardian,hit@20,0.999000,0.000000,0.999000,0.999000,5,13 21 42 87 100,0.999000,0.999000,0.999000,0.999000,0.999000
hybrid_spladepp_faiss,pubmedqa_labeled,gardian,hit@50,0.999400,0.000548,0.999000,1.000000,5,13 21 42 87 100,0.999000,1.000000,1.000000,0.999000,0.999000
hybrid_spladepp_faiss,pubmedqa_labeled,gardian,ndcg@100,0.937071,0.000965,0.935575,0.938160,5,13 21 42 87 100,0.937499,0.935575,0.938160,0.936814,0.937306
hybrid_spladepp_faiss,pubmedqa_labeled,gardian,ndcg@50,0.935602,0.000736,0.934447,0.936436,5,13 21 42 87 100,0.935952,0.934447,0.936436,0.935493,0.935682
hybrid_spladepp_faiss,pubmedqa_labeled,gardian,recall@100,1.000000,0.000000,1.000000,1.000000,5,13 21 42 87 100,1.000000,1.000000,1.000000,1.000000,1.000000
hybrid_spladepp_faiss,pubmedqa_labeled,gardian,recall@50,0.994030,0.001034,0.993117,0.995617,5,13 21 42 87 100,0.993617,0.995617,0.993300,0.994500,0.993117
hybrid_spladepp_faiss,pubmedqa_labeled,global_alpha,alpha_sparse,0.480000,0.000000,0.480000,0.480000,5,13 21 42 87 100,0.480000,0.480000,0.480000,0.480000,0.480000
hybrid_spladepp_faiss,pubmedqa_labeled,hybrid,ndcg@5,0.838391,0.000000,0.838391,0.838391,5,13 21 42 87 100,0.838391,0.838391,0.838391,0.838391,0.838391
hybrid_spladepp_faiss,pubmedqa_labeled,hybrid,ndcg@10,0.862712,0.000000,0.862712,0.862712,5,13 21 42 87 100,0.862712,0.862712,0.862712,0.862712,0.862712
hybrid_spladepp_faiss,pubmedqa_labeled,hybrid,ndcg@20,0.876787,0.000000,0.876787,0.876787,5,13 21 42 87 100,0.876787,0.876787,0.876787,0.876787,0.876787
hybrid_spladepp_faiss,pubmedqa_labeled,hybrid,mrr,0.980370,0.000000,0.980370,0.980370,5,13 21 42 87 100,0.980370,0.980370,0.980370,0.980370,0.980370
hybrid_spladepp_faiss,pubmedqa_labeled,hybrid,mrr@10,0.980370,0.000000,0.980370,0.980370,5,13 21 42 87 100,0.980370,0.980370,0.980370,0.980370,0.980370
hybrid_spladepp_faiss,pubmedqa_labeled,hybrid,recall@5,0.811733,0.000000,0.811733,0.811733,5,13 21 42 87 100,0.811733,0.811733,0.811733,0.811733,0.811733
hybrid_spladepp_faiss,pubmedqa_labeled,hybrid,recall@10,0.864700,0.000000,0.864700,0.864700,5,13 21 42 87 100,0.864700,0.864700,0.864700,0.864700,0.864700
hybrid_spladepp_faiss,pubmedqa_labeled,hybrid,recall@20,0.902617,0.000000,0.902617,0.902617,5,13 21 42 87 100,0.902617,0.902617,0.902617,0.902617,0.902617
hybrid_spladepp_faiss,pubmedqa_labeled,hybrid,hit@5,0.991000,0.000000,0.991000,0.991000,5,13 21 42 87 100,0.991000,0.991000,0.991000,0.991000,0.991000
hybrid_spladepp_faiss,pubmedqa_labeled,hybrid,hit@10,0.994000,0.000000,0.994000,0.994000,5,13 21 42 87 100,0.994000,0.994000,0.994000,0.994000,0.994000
hybrid_spladepp_faiss,pubmedqa_labeled,hybrid,hit@20,0.996000,0.000000,0.996000,0.996000,5,13 21 42 87 100,0.996000,0.996000,0.996000,0.996000,0.996000
hybrid_spladepp_faiss,pubmedqa_labeled,hybrid,hit@50,0.998000,0.000000,0.998000,0.998000,5,13 21 42 87 100,0.998000,0.998000,0.998000,0.998000,0.998000
hybrid_spladepp_faiss,pubmedqa_labeled,hybrid,ndcg@100,0.902235,0.000000,0.902235,0.902235,5,13 21 42 87 100,0.902235,0.902235,0.902235,0.902235,0.902235
hybrid_spladepp_faiss,pubmedqa_labeled,hybrid,ndcg@50,0.886361,0.000000,0.886361,0.886361,5,13 21 42 87 100,0.886361,0.886361,0.886361,0.886361,0.886361
hybrid_spladepp_faiss,pubmedqa_labeled,hybrid,recall@100,1.000000,0.000000,1.000000,1.000000,5,13 21 42 87 100,1.000000,1.000000,1.000000,1.000000,1.000000
hybrid_spladepp_faiss,pubmedqa_labeled,hybrid,recall@50,0.935033,0.000000,0.935033,0.935033,5,13 21 42 87 100,0.935033,0.935033,0.935033,0.935033,0.935033
hybrid_spladepp_faiss,pubmedqa_labeled,oracle_alpha,ndcg@10,0.941585,0.000000,0.941585,0.941585,5,13 21 42 87 100,0.941585,0.941585,0.941585,0.941585,0.941585
hybrid_spladepp_faiss,pubmedqa_labeled,oracle_alpha,best_alpha_mean,0.135350,0.000000,0.135350,0.135350,5,13 21 42 87 100,0.135350,0.135350,0.135350,0.135350,0.135350
hybrid_spladepp_faiss,pubmedqa_labeled,oracle_alpha,best_alpha_std,0.246157,0.000000,0.246157,0.246157,5,13 21 42 87 100,0.246157,0.246157,0.246157,0.246157,0.246157
hybrid_spladepp_faiss,pubmedqa_labeled,oracle_alpha,invariant_fraction,0.347000,0.000000,0.347000,0.347000,5,13 21 42 87 100,0.347000,0.347000,0.347000,0.347000,0.347000
hybrid_spladepp_faiss,pubmedqa_labeled,oracle_alpha,ndcg@10_gold_in_pool,0.941585,0.000000,0.941585,0.941585,5,13 21 42 87 100,0.941585,0.941585,0.941585,0.941585,0.941585
hybrid_spladepp_faiss,pubmedqa_labeled,oracle_alpha,tie_fraction,0.616822,0.000000,0.616822,0.616822,5,13 21 42 87 100,0.616822,0.616822,0.616822,0.616822,0.616822
hybrid_spladepp_faiss,pubmedqa_labeled,oracle_rerank,ndcg@10,1.000000,0.000000,1.000000,1.000000,5,13 21 42 87 100,1.000000,1.000000,1.000000,1.000000,1.000000
hybrid_spladepp_faiss,pubmedqa_labeled,pool,recall,1.000000,0.000000,1.000000,1.000000,5,13 21 42 87 100,1.000000,1.000000,1.000000,1.000000,1.000000
hybrid_spladepp_faiss,pubmedqa_labeled,rrf,ndcg@5,0.870277,0.000000,0.870277,0.870277,5,13 21 42 87 100,0.870277,0.870277,0.870277,0.870277,0.870277
hybrid_spladepp_faiss,pubmedqa_labeled,rrf,ndcg@10,0.896906,0.000000,0.896906,0.896906,5,13 21 42 87 100,0.896906,0.896906,0.896906,0.896906,0.896906
hybrid_spladepp_faiss,pubmedqa_labeled,rrf,ndcg@20,0.914964,0.000000,0.914964,0.914964,5,13 21 42 87 100,0.914964,0.914964,0.914964,0.914964,0.914964
hybrid_spladepp_faiss,pubmedqa_labeled,rrf,mrr,0.984362,0.000000,0.984362,0.984362,5,13 21 42 87 100,0.984362,0.984362,0.984362,0.984362,0.984362
hybrid_spladepp_faiss,pubmedqa_labeled,rrf,mrr@10,0.984362,0.000000,0.984362,0.984362,5,13 21 42 87 100,0.984362,0.984362,0.984362,0.984362,0.984362
hybrid_spladepp_faiss,pubmedqa_labeled,rrf,recall@5,0.850283,0.000000,0.850283,0.850283,5,13 21 42 87 100,0.850283,0.850283,0.850283,0.850283,0.850283
hybrid_spladepp_faiss,pubmedqa_labeled,rrf,recall@10,0.908850,0.000000,0.908850,0.908850,5,13 21 42 87 100,0.908850,0.908850,0.908850,0.908850,0.908850
hybrid_spladepp_faiss,pubmedqa_labeled,rrf,recall@20,0.957983,0.000000,0.957983,0.957983,5,13 21 42 87 100,0.957983,0.957983,0.957983,0.957983,0.957983
hybrid_spladepp_faiss,pubmedqa_labeled,rrf,hit@5,0.993000,0.000000,0.993000,0.993000,5,13 21 42 87 100,0.993000,0.993000,0.993000,0.993000,0.993000
hybrid_spladepp_faiss,pubmedqa_labeled,rrf,hit@10,0.997000,0.000000,0.997000,0.997000,5,13 21 42 87 100,0.997000,0.997000,0.997000,0.997000,0.997000
hybrid_spladepp_faiss,pubmedqa_labeled,rrf,hit@20,0.999000,0.000000,0.999000,0.999000,5,13 21 42 87 100,0.999000,0.999000,0.999000,0.999000,0.999000
hybrid_spladepp_faiss,pubmedqa_labeled,rrf,hit@50,1.000000,0.000000,1.000000,1.000000,5,13 21 42 87 100,1.000000,1.000000,1.000000,1.000000,1.000000
hybrid_spladepp_faiss,pubmedqa_labeled,rrf,ndcg@100,0.926735,0.000000,0.926735,0.926735,5,13 21 42 87 100,0.926735,0.926735,0.926735,0.926735,0.926735
hybrid_spladepp_faiss,pubmedqa_labeled,rrf,ndcg@50,0.924370,0.000000,0.924370,0.924370,5,13 21 42 87 100,0.924370,0.924370,0.924370,0.924370,0.924370
hybrid_spladepp_faiss,pubmedqa_labeled,rrf,recall@100,1.000000,0.000000,1.000000,1.000000,5,13 21 42 87 100,1.000000,1.000000,1.000000,1.000000,1.000000
hybrid_spladepp_faiss,pubmedqa_labeled,rrf,recall@50,0.990350,0.000000,0.990350,0.990350,5,13 21 42 87 100,0.990350,0.990350,0.990350,0.990350,0.990350
hybrid_spladepp_faiss,pubmedqa_labeled,sparse,ndcg@5,0.832801,0.000000,0.832801,0.832801,5,13 21 42 87 100,0.832801,0.832801,0.832801,0.832801,0.832801
hybrid_spladepp_faiss,pubmedqa_labeled,sparse,ndcg@10,0.856381,0.000000,0.856381,0.856381,5,13 21 42 87 100,0.856381,0.856381,0.856381,0.856381,0.856381
hybrid_spladepp_faiss,pubmedqa_labeled,sparse,ndcg@20,0.870454,0.000000,0.870454,0.870454,5,13 21 42 87 100,0.870454,0.870454,0.870454,0.870454,0.870454
hybrid_spladepp_faiss,pubmedqa_labeled,sparse,mrr,0.979280,0.000000,0.979280,0.979280,5,13 21 42 87 100,0.979280,0.979280,0.979280,0.979280,0.979280
hybrid_spladepp_faiss,pubmedqa_labeled,sparse,mrr@10,0.979280,0.000000,0.979280,0.979280,5,13 21 42 87 100,0.979280,0.979280,0.979280,0.979280,0.979280
hybrid_spladepp_faiss,pubmedqa_labeled,sparse,recall@5,0.805367,0.000000,0.805367,0.805367,5,13 21 42 87 100,0.805367,0.805367,0.805367,0.805367,0.805367
hybrid_spladepp_faiss,pubmedqa_labeled,sparse,recall@10,0.856700,0.000000,0.856700,0.856700,5,13 21 42 87 100,0.856700,0.856700,0.856700,0.856700,0.856700
hybrid_spladepp_faiss,pubmedqa_labeled,sparse,recall@20,0.894683,0.000000,0.894683,0.894683,5,13 21 42 87 100,0.894683,0.894683,0.894683,0.894683,0.894683
hybrid_spladepp_faiss,pubmedqa_labeled,sparse,hit@5,0.991000,0.000000,0.991000,0.991000,5,13 21 42 87 100,0.991000,0.991000,0.991000,0.991000,0.991000
hybrid_spladepp_faiss,pubmedqa_labeled,sparse,hit@10,0.994000,0.000000,0.994000,0.994000,5,13 21 42 87 100,0.994000,0.994000,0.994000,0.994000,0.994000
hybrid_spladepp_faiss,pubmedqa_labeled,sparse,hit@20,0.995000,0.000000,0.995000,0.995000,5,13 21 42 87 100,0.995000,0.995000,0.995000,0.995000,0.995000
hybrid_spladepp_faiss,pubmedqa_labeled,sparse,hit@50,0.998000,0.000000,0.998000,0.998000,5,13 21 42 87 100,0.998000,0.998000,0.998000,0.998000,0.998000
hybrid_spladepp_faiss,pubmedqa_labeled,sparse,ndcg@100,0.896744,0.000000,0.896744,0.896744,5,13 21 42 87 100,0.896744,0.896744,0.896744,0.896744,0.896744
hybrid_spladepp_faiss,pubmedqa_labeled,sparse,ndcg@50,0.882001,0.000000,0.882001,0.882001,5,13 21 42 87 100,0.882001,0.882001,0.882001,0.882001,0.882001
hybrid_spladepp_faiss,pubmedqa_labeled,sparse,recall@100,1.000000,0.000000,1.000000,1.000000,5,13 21 42 87 100,1.000000,1.000000,1.000000,1.000000,1.000000
hybrid_spladepp_faiss,pubmedqa_labeled,sparse,recall@50,0.935033,0.000000,0.935033,0.935033,5,13 21 42 87 100,0.935033,0.935033,0.935033,0.935033,0.935033
hybrid_spladepp_medcpt,medmcqa,dense,ndcg@5,0.287578,0.000000,0.287578,0.287578,5,13 21 42 87 100,0.287578,0.287578,0.287578,0.287578,0.287578
hybrid_spladepp_medcpt,medmcqa,dense,ndcg@10,0.326549,0.000000,0.326549,0.326549,5,13 21 42 87 100,0.326549,0.326549,0.326549,0.326549,0.326549
hybrid_spladepp_medcpt,medmcqa,dense,ndcg@20,0.353909,0.000000,0.353909,0.353909,5,13 21 42 87 100,0.353909,0.353909,0.353909,0.353909,0.353909
hybrid_spladepp_medcpt,medmcqa,dense,mrr,0.278490,0.000000,0.278490,0.278490,5,13 21 42 87 100,0.278490,0.278490,0.278490,0.278490,0.278490
hybrid_spladepp_medcpt,medmcqa,dense,mrr@10,0.278490,0.000000,0.278490,0.278490,5,13 21 42 87 100,0.278490,0.278490,0.278490,0.278490,0.278490
hybrid_spladepp_medcpt,medmcqa,dense,recall@5,0.403023,0.000000,0.403023,0.403023,5,13 21 42 87 100,0.403023,0.403023,0.403023,0.403023,0.403023
hybrid_spladepp_medcpt,medmcqa,dense,recall@10,0.523557,0.000000,0.523557,0.523557,5,13 21 42 87 100,0.523557,0.523557,0.523557,0.523557,0.523557
hybrid_spladepp_medcpt,medmcqa,dense,recall@20,0.631527,0.000000,0.631527,0.631527,5,13 21 42 87 100,0.631527,0.631527,0.631527,0.631527,0.631527
hybrid_spladepp_medcpt,medmcqa,dense,hit@5,0.403023,0.000000,0.403023,0.403023,5,13 21 42 87 100,0.403023,0.403023,0.403023,0.403023,0.403023
hybrid_spladepp_medcpt,medmcqa,dense,hit@10,0.523557,0.000000,0.523557,0.523557,5,13 21 42 87 100,0.523557,0.523557,0.523557,0.523557,0.523557
hybrid_spladepp_medcpt,medmcqa,dense,hit@20,0.631527,0.000000,0.631527,0.631527,5,13 21 42 87 100,0.631527,0.631527,0.631527,0.631527,0.631527
hybrid_spladepp_medcpt,medmcqa,dense,hit@50,0.743227,0.000000,0.743227,0.743227,5,13 21 42 87 100,0.743227,0.743227,0.743227,0.743227,0.743227
hybrid_spladepp_medcpt,medmcqa,dense,ndcg@100,0.397477,0.000000,0.397477,0.397477,5,13 21 42 87 100,0.397477,0.397477,0.397477,0.397477,0.397477
hybrid_spladepp_medcpt,medmcqa,dense,ndcg@50,0.376262,0.000000,0.376262,0.376262,5,13 21 42 87 100,0.376262,0.376262,0.376262,0.376262,0.376262
hybrid_spladepp_medcpt,medmcqa,dense,recall@100,0.877307,0.000000,0.877307,0.877307,5,13 21 42 87 100,0.877307,0.877307,0.877307,0.877307,0.877307
hybrid_spladepp_medcpt,medmcqa,dense,recall@50,0.743227,0.000000,0.743227,0.743227,5,13 21 42 87 100,0.743227,0.743227,0.743227,0.743227,0.743227
hybrid_spladepp_medcpt,medmcqa,gardian,ndcg@5,0.443664,0.001582,0.441181,0.445110,5,13 21 42 87 100,0.443251,0.445110,0.443877,0.441181,0.444903
hybrid_spladepp_medcpt,medmcqa,gardian,ndcg@10,0.479675,0.000867,0.478165,0.480311,5,13 21 42 87 100,0.480168,0.480311,0.479803,0.478165,0.479926
hybrid_spladepp_medcpt,medmcqa,gardian,ndcg@20,0.500017,0.000719,0.498902,0.500883,5,13 21 42 87 100,0.500245,0.500883,0.499926,0.498902,0.500131
hybrid_spladepp_medcpt,medmcqa,gardian,mrr,0.421785,0.001127,0.420048,0.422911,5,13 21 42 87 100,0.422556,0.422911,0.421399,0.420048,0.422010
hybrid_spladepp_medcpt,medmcqa,gardian,mrr@10,0.421785,0.001127,0.420048,0.422911,5,13 21 42 87 100,0.422556,0.422911,0.421399,0.420048,0.422010
hybrid_spladepp_medcpt,medmcqa,gardian,recall@5,0.580448,0.002795,0.577150,0.583235,5,13 21 42 87 100,0.577739,0.582254,0.581861,0.577150,0.583235
hybrid_spladepp_medcpt,medmcqa,gardian,recall@10,0.691637,0.000700,0.691009,0.692776,5,13 21 42 87 100,0.691402,0.691009,0.692776,0.691205,0.691794
hybrid_spladepp_medcpt,medmcqa,gardian,recall@20,0.771810,0.001016,0.770318,0.773066,5,13 21 42 87 100,0.770318,0.771888,0.772281,0.773066,0.771496
hybrid_spladepp_medcpt,medmcqa,gardian,hit@5,0.580448,0.002795,0.577150,0.583235,5,13 21 42 87 100,0.577739,0.582254,0.581861,0.577150,0.583235
hybrid_spladepp_medcpt,medmcqa,gardian,hit@10,0.691637,0.000700,0.691009,0.692776,5,13 21 42 87 100,0.691402,0.691009,0.692776,0.691205,0.691794
hybrid_spladepp_medcpt,medmcqa,gardian,hit@20,0.771810,0.001016,0.770318,0.773066,5,13 21 42 87 100,0.770318,0.771888,0.772281,0.773066,0.771496
hybrid_spladepp_medcpt,medmcqa,gardian,hit@50,0.849431,0.000621,0.848842,0.850412,5,13 21 42 87 100,0.850412,0.849627,0.848842,0.849038,0.849234
hybrid_spladepp_medcpt,medmcqa,gardian,ndcg@100,0.520250,0.000853,0.518921,0.521149,5,13 21 42 87 100,0.520740,0.521149,0.520008,0.518921,0.520432
hybrid_spladepp_medcpt,medmcqa,gardian,ndcg@50,0.515620,0.000929,0.514204,0.516545,5,13 21 42 87 100,0.516297,0.516545,0.515289,0.514204,0.515763
hybrid_spladepp_medcpt,medmcqa,gardian,recall@100,0.877307,0.000000,0.877307,0.877307,5,13 21 42 87 100,0.877307,0.877307,0.877307,0.877307,0.877307
hybrid_spladepp_medcpt,medmcqa,gardian,recall@50,0.849431,0.000621,0.848842,0.850412,5,13 21 42 87 100,0.850412,0.849627,0.848842,0.849038,0.849234
hybrid_spladepp_medcpt,medmcqa,global_alpha,alpha_sparse,0.700000,0.000000,0.700000,0.700000,5,13 21 42 87 100,0.700000,0.700000,0.700000,0.700000,0.700000
hybrid_spladepp_medcpt,medmcqa,hybrid,ndcg@5,0.402320,0.000000,0.402320,0.402320,5,13 21 42 87 100,0.402320,0.402320,0.402320,0.402320,0.402320
hybrid_spladepp_medcpt,medmcqa,hybrid,ndcg@10,0.436057,0.000000,0.436057,0.436057,5,13 21 42 87 100,0.436057,0.436057,0.436057,0.436057,0.436057
hybrid_spladepp_medcpt,medmcqa,hybrid,ndcg@20,0.451903,0.000000,0.451903,0.451903,5,13 21 42 87 100,0.451903,0.451903,0.451903,0.451903,0.451903
hybrid_spladepp_medcpt,medmcqa,hybrid,mrr,0.382624,0.000000,0.382624,0.382624,5,13 21 42 87 100,0.382624,0.382624,0.382624,0.382624,0.382624
hybrid_spladepp_medcpt,medmcqa,hybrid,mrr@10,0.382624,0.000000,0.382624,0.382624,5,13 21 42 87 100,0.382624,0.382624,0.382624,0.382624,0.382624
hybrid_spladepp_medcpt,medmcqa,hybrid,recall@5,0.529446,0.000000,0.529446,0.529446,5,13 21 42 87 100,0.529446,0.529446,0.529446,0.529446,0.529446
hybrid_spladepp_medcpt,medmcqa,hybrid,recall@10,0.632705,0.000000,0.632705,0.632705,5,13 21 42 87 100,0.632705,0.632705,0.632705,0.632705,0.632705
hybrid_spladepp_medcpt,medmcqa,hybrid,recall@20,0.694739,0.000000,0.694739,0.694739,5,13 21 42 87 100,0.694739,0.694739,0.694739,0.694739,0.694739
hybrid_spladepp_medcpt,medmcqa,hybrid,hit@5,0.529446,0.000000,0.529446,0.529446,5,13 21 42 87 100,0.529446,0.529446,0.529446,0.529446,0.529446
hybrid_spladepp_medcpt,medmcqa,hybrid,hit@10,0.632705,0.000000,0.632705,0.632705,5,13 21 42 87 100,0.632705,0.632705,0.632705,0.632705,0.632705
hybrid_spladepp_medcpt,medmcqa,hybrid,hit@20,0.694739,0.000000,0.694739,0.694739,5,13 21 42 87 100,0.694739,0.694739,0.694739,0.694739,0.694739
hybrid_spladepp_medcpt,medmcqa,hybrid,hit@50,0.743424,0.000000,0.743424,0.743424,5,13 21 42 87 100,0.743424,0.743424,0.743424,0.743424,0.743424
hybrid_spladepp_medcpt,medmcqa,hybrid,ndcg@100,0.484584,0.000000,0.484584,0.484584,5,13 21 42 87 100,0.484584,0.484584,0.484584,0.484584,0.484584
hybrid_spladepp_medcpt,medmcqa,hybrid,ndcg@50,0.461715,0.000000,0.461715,0.461715,5,13 21 42 87 100,0.461715,0.461715,0.461715,0.461715,0.461715
hybrid_spladepp_medcpt,medmcqa,hybrid,recall@100,0.877307,0.000000,0.877307,0.877307,5,13 21 42 87 100,0.877307,0.877307,0.877307,0.877307,0.877307
hybrid_spladepp_medcpt,medmcqa,hybrid,recall@50,0.743424,0.000000,0.743424,0.743424,5,13 21 42 87 100,0.743424,0.743424,0.743424,0.743424,0.743424
hybrid_spladepp_medcpt,medmcqa,oracle_alpha,ndcg@10,0.557271,0.000000,0.557271,0.557271,5,13 21 42 87 100,0.557271,0.557271,0.557271,0.557271,0.557271
hybrid_spladepp_medcpt,medmcqa,oracle_alpha,best_alpha_mean,0.195312,0.000000,0.195312,0.195312,5,13 21 42 87 100,0.195312,0.195312,0.195312,0.195312,0.195312
hybrid_spladepp_medcpt,medmcqa,oracle_alpha,best_alpha_std,0.297031,0.000000,0.297031,0.297031,5,13 21 42 87 100,0.297031,0.297031,0.297031,0.297031,0.297031
hybrid_spladepp_medcpt,medmcqa,oracle_alpha,invariant_fraction,0.283956,0.000000,0.283956,0.283956,5,13 21 42 87 100,0.283956,0.283956,0.283956,0.283956,0.283956
hybrid_spladepp_medcpt,medmcqa,oracle_alpha,ndcg@10_gold_in_pool,0.635206,0.000000,0.635206,0.635206,5,13 21 42 87 100,0.635206,0.635206,0.635206,0.635206,0.635206
hybrid_spladepp_medcpt,medmcqa,oracle_alpha,tie_fraction,0.600382,0.000000,0.600382,0.600382,5,13 21 42 87 100,0.600382,0.600382,0.600382,0.600382,0.600382
hybrid_spladepp_medcpt,medmcqa,oracle_rerank,ndcg@10,0.877307,0.000000,0.877307,0.877307,5,13 21 42 87 100,0.877307,0.877307,0.877307,0.877307,0.877307
hybrid_spladepp_medcpt,medmcqa,pool,recall,0.877307,0.000000,0.877307,0.877307,5,13 21 42 87 100,0.877307,0.877307,0.877307,0.877307,0.877307
hybrid_spladepp_medcpt,medmcqa,rrf,ndcg@5,0.387611,0.000000,0.387611,0.387611,5,13 21 42 87 100,0.387611,0.387611,0.387611,0.387611,0.387611
hybrid_spladepp_medcpt,medmcqa,rrf,ndcg@10,0.429393,0.000000,0.429393,0.429393,5,13 21 42 87 100,0.429393,0.429393,0.429393,0.429393,0.429393
hybrid_spladepp_medcpt,medmcqa,rrf,ndcg@20,0.456720,0.000000,0.456720,0.456720,5,13 21 42 87 100,0.456720,0.456720,0.456720,0.456720,0.456720
hybrid_spladepp_medcpt,medmcqa,rrf,mrr,0.369229,0.000000,0.369229,0.369229,5,13 21 42 87 100,0.369229,0.369229,0.369229,0.369229,0.369229
hybrid_spladepp_medcpt,medmcqa,rrf,mrr@10,0.369229,0.000000,0.369229,0.369229,5,13 21 42 87 100,0.369229,0.369229,0.369229,0.369229,0.369229
hybrid_spladepp_medcpt,medmcqa,rrf,recall@5,0.528072,0.000000,0.528072,0.528072,5,13 21 42 87 100,0.528072,0.528072,0.528072,0.528072,0.528072
hybrid_spladepp_medcpt,medmcqa,rrf,recall@10,0.656851,0.000000,0.656851,0.656851,5,13 21 42 87 100,0.656851,0.656851,0.656851,0.656851,0.656851
hybrid_spladepp_medcpt,medmcqa,rrf,recall@20,0.764232,0.000000,0.764232,0.764232,5,13 21 42 87 100,0.764232,0.764232,0.764232,0.764232,0.764232
hybrid_spladepp_medcpt,medmcqa,rrf,hit@5,0.528072,0.000000,0.528072,0.528072,5,13 21 42 87 100,0.528072,0.528072,0.528072,0.528072,0.528072
hybrid_spladepp_medcpt,medmcqa,rrf,hit@10,0.656851,0.000000,0.656851,0.656851,5,13 21 42 87 100,0.656851,0.656851,0.656851,0.656851,0.656851
hybrid_spladepp_medcpt,medmcqa,rrf,hit@20,0.764232,0.000000,0.764232,0.764232,5,13 21 42 87 100,0.764232,0.764232,0.764232,0.764232,0.764232
hybrid_spladepp_medcpt,medmcqa,rrf,hit@50,0.842560,0.000000,0.842560,0.842560,5,13 21 42 87 100,0.842560,0.842560,0.842560,0.842560,0.842560
hybrid_spladepp_medcpt,medmcqa,rrf,ndcg@100,0.478276,0.000000,0.478276,0.478276,5,13 21 42 87 100,0.478276,0.478276,0.478276,0.478276,0.478276
hybrid_spladepp_medcpt,medmcqa,rrf,ndcg@50,0.472526,0.000000,0.472526,0.472526,5,13 21 42 87 100,0.472526,0.472526,0.472526,0.472526,0.472526
hybrid_spladepp_medcpt,medmcqa,rrf,recall@100,0.877307,0.000000,0.877307,0.877307,5,13 21 42 87 100,0.877307,0.877307,0.877307,0.877307,0.877307
hybrid_spladepp_medcpt,medmcqa,rrf,recall@50,0.842560,0.000000,0.842560,0.842560,5,13 21 42 87 100,0.842560,0.842560,0.842560,0.842560,0.842560
hybrid_spladepp_medcpt,medmcqa,sparse,ndcg@5,0.430766,0.000000,0.430766,0.430766,5,13 21 42 87 100,0.430766,0.430766,0.430766,0.430766,0.430766
hybrid_spladepp_medcpt,medmcqa,sparse,ndcg@10,0.465832,0.000000,0.465832,0.465832,5,13 21 42 87 100,0.465832,0.465832,0.465832,0.465832,0.465832
hybrid_spladepp_medcpt,medmcqa,sparse,ndcg@20,0.486514,0.000000,0.486514,0.486514,5,13 21 42 87 100,0.486514,0.486514,0.486514,0.486514,0.486514
hybrid_spladepp_medcpt,medmcqa,sparse,mrr,0.411052,0.000000,0.411052,0.411052,5,13 21 42 87 100,0.411052,0.411052,0.411052,0.411052,0.411052
hybrid_spladepp_medcpt,medmcqa,sparse,mrr@10,0.411052,0.000000,0.411052,0.411052,5,13 21 42 87 100,0.411052,0.411052,0.411052,0.411052,0.411052
hybrid_spladepp_medcpt,medmcqa,sparse,recall@5,0.560856,0.000000,0.560856,0.560856,5,13 21 42 87 100,0.560856,0.560856,0.560856,0.560856,0.560856
hybrid_spladepp_medcpt,medmcqa,sparse,recall@10,0.668826,0.000000,0.668826,0.668826,5,13 21 42 87 100,0.668826,0.668826,0.668826,0.668826,0.668826
hybrid_spladepp_medcpt,medmcqa,sparse,recall@20,0.749902,0.000000,0.749902,0.749902,5,13 21 42 87 100,0.749902,0.749902,0.749902,0.749902,0.749902
hybrid_spladepp_medcpt,medmcqa,sparse,hit@5,0.560856,0.000000,0.560856,0.560856,5,13 21 42 87 100,0.560856,0.560856,0.560856,0.560856,0.560856
hybrid_spladepp_medcpt,medmcqa,sparse,hit@10,0.668826,0.000000,0.668826,0.668826,5,13 21 42 87 100,0.668826,0.668826,0.668826,0.668826,0.668826
hybrid_spladepp_medcpt,medmcqa,sparse,hit@20,0.749902,0.000000,0.749902,0.749902,5,13 21 42 87 100,0.749902,0.749902,0.749902,0.749902,0.749902
hybrid_spladepp_medcpt,medmcqa,sparse,hit@50,0.823910,0.000000,0.823910,0.823910,5,13 21 42 87 100,0.823910,0.823910,0.823910,0.823910,0.823910
hybrid_spladepp_medcpt,medmcqa,sparse,ndcg@100,0.510062,0.000000,0.510062,0.510062,5,13 21 42 87 100,0.510062,0.510062,0.510062,0.510062,0.510062
hybrid_spladepp_medcpt,medmcqa,sparse,ndcg@50,0.501387,0.000000,0.501387,0.501387,5,13 21 42 87 100,0.501387,0.501387,0.501387,0.501387,0.501387
hybrid_spladepp_medcpt,medmcqa,sparse,recall@100,0.877307,0.000000,0.877307,0.877307,5,13 21 42 87 100,0.877307,0.877307,0.877307,0.877307,0.877307
hybrid_spladepp_medcpt,medmcqa,sparse,recall@50,0.823910,0.000000,0.823910,0.823910,5,13 21 42 87 100,0.823910,0.823910,0.823910,0.823910,0.823910
hybrid_spladepp_medcpt,pubmedqa_artificial,dense,ndcg@5,0.710255,0.000000,0.710255,0.710255,5,13 21 42 87 100,0.710255,0.710255,0.710255,0.710255,0.710255
hybrid_spladepp_medcpt,pubmedqa_artificial,dense,ndcg@10,0.751685,0.000000,0.751685,0.751685,5,13 21 42 87 100,0.751685,0.751685,0.751685,0.751685,0.751685
hybrid_spladepp_medcpt,pubmedqa_artificial,dense,ndcg@20,0.776924,0.000000,0.776924,0.776924,5,13 21 42 87 100,0.776924,0.776924,0.776924,0.776924,0.776924
hybrid_spladepp_medcpt,pubmedqa_artificial,dense,mrr,0.864152,0.000000,0.864152,0.864152,5,13 21 42 87 100,0.864152,0.864152,0.864152,0.864152,0.864152
hybrid_spladepp_medcpt,pubmedqa_artificial,dense,mrr@10,0.864152,0.000000,0.864152,0.864152,5,13 21 42 87 100,0.864152,0.864152,0.864152,0.864152,0.864152
hybrid_spladepp_medcpt,pubmedqa_artificial,dense,recall@5,0.710735,0.000000,0.710735,0.710735,5,13 21 42 87 100,0.710735,0.710735,0.710735,0.710735,0.710735
hybrid_spladepp_medcpt,pubmedqa_artificial,dense,recall@10,0.803911,0.000000,0.803911,0.803911,5,13 21 42 87 100,0.803911,0.803911,0.803911,0.803911,0.803911
hybrid_spladepp_medcpt,pubmedqa_artificial,dense,recall@20,0.877358,0.000000,0.877358,0.877358,5,13 21 42 87 100,0.877358,0.877358,0.877358,0.877358,0.877358
hybrid_spladepp_medcpt,pubmedqa_artificial,dense,hit@5,0.942090,0.000000,0.942090,0.942090,5,13 21 42 87 100,0.942090,0.942090,0.942090,0.942090,0.942090
hybrid_spladepp_medcpt,pubmedqa_artificial,dense,hit@10,0.966462,0.000000,0.966462,0.966462,5,13 21 42 87 100,0.966462,0.966462,0.966462,0.966462,0.966462
hybrid_spladepp_medcpt,pubmedqa_artificial,dense,hit@20,0.982435,0.000000,0.982435,0.982435,5,13 21 42 87 100,0.982435,0.982435,0.982435,0.982435,0.982435
hybrid_spladepp_medcpt,pubmedqa_artificial,dense,hit@50,0.992370,0.000000,0.992370,0.992370,5,13 21 42 87 100,0.992370,0.992370,0.992370,0.992370,0.992370
hybrid_spladepp_medcpt,pubmedqa_artificial,dense,ndcg@100,0.806945,0.000000,0.806945,0.806945,5,13 21 42 87 100,0.806945,0.806945,0.806945,0.806945,0.806945
hybrid_spladepp_medcpt,pubmedqa_artificial,dense,ndcg@50,0.798392,0.000000,0.798392,0.798392,5,13 21 42 87 100,0.798392,0.798392,0.798392,0.798392,0.798392
hybrid_spladepp_medcpt,pubmedqa_artificial,dense,recall@100,0.997255,0.000000,0.997255,0.997255,5,13 21 42 87 100,0.997255,0.997255,0.997255,0.997255,0.997255
hybrid_spladepp_medcpt,pubmedqa_artificial,dense,recall@50,0.956989,0.000000,0.956989,0.956989,5,13 21 42 87 100,0.956989,0.956989,0.956989,0.956989,0.956989
hybrid_spladepp_medcpt,pubmedqa_artificial,gardian,ndcg@5,0.764917,0.000734,0.764360,0.765791,5,13 21 42 87 100,0.764360,0.765647,0.764376,0.764410,0.765791
hybrid_spladepp_medcpt,pubmedqa_artificial,gardian,ndcg@10,0.803295,0.000780,0.802396,0.804290,5,13 21 42 87 100,0.802396,0.803910,0.802987,0.802894,0.804290
hybrid_spladepp_medcpt,pubmedqa_artificial,gardian,ndcg@20,0.826120,0.000664,0.825546,0.826947,5,13 21 42 87 100,0.825664,0.826947,0.825710,0.825546,0.826733
hybrid_spladepp_medcpt,pubmedqa_artificial,gardian,mrr,0.921649,0.001093,0.920055,0.922832,5,13 21 42 87 100,0.921633,0.922474,0.921253,0.920055,0.922832
hybrid_spladepp_medcpt,pubmedqa_artificial,gardian,mrr@10,0.921649,0.001093,0.920055,0.922832,5,13 21 42 87 100,0.921633,0.922474,0.921253,0.920055,0.922832
hybrid_spladepp_medcpt,pubmedqa_artificial,gardian,recall@5,0.756237,0.000916,0.755134,0.757224,5,13 21 42 87 100,0.755134,0.757224,0.755699,0.755988,0.757139
hybrid_spladepp_medcpt,pubmedqa_artificial,gardian,recall@10,0.842418,0.001115,0.840569,0.843462,5,13 21 42 87 100,0.840569,0.843095,0.842488,0.842475,0.843462
hybrid_spladepp_medcpt,pubmedqa_artificial,gardian,recall@20,0.908433,0.000782,0.907917,0.909798,5,13 21 42 87 100,0.907917,0.909798,0.908043,0.908034,0.908373
hybrid_spladepp_medcpt,pubmedqa_artificial,gardian,hit@5,0.973169,0.000881,0.972445,0.974311,5,13 21 42 87 100,0.972664,0.973927,0.972445,0.972500,0.974311
hybrid_spladepp_medcpt,pubmedqa_artificial,gardian,hit@10,0.985289,0.000474,0.984740,0.986003,5,13 21 42 87 100,0.985399,0.985015,0.985289,0.984740,0.986003
hybrid_spladepp_medcpt,pubmedqa_artificial,gardian,hit@20,0.991525,0.000200,0.991327,0.991766,5,13 21 42 87 100,0.991437,0.991766,0.991711,0.991382,0.991327
hybrid_spladepp_medcpt,pubmedqa_artificial,gardian,hit@50,0.995927,0.000106,0.995773,0.996048,5,13 21 42 87 100,0.996048,0.995993,0.995883,0.995938,0.995773
hybrid_spladepp_medcpt,pubmedqa_artificial,gardian,ndcg@100,0.849131,0.000514,0.848634,0.849761,5,13 21 42 87 100,0.848819,0.849606,0.848836,0.848634,0.849761
hybrid_spladepp_medcpt,pubmedqa_artificial,gardian,ndcg@50,0.844228,0.000569,0.843604,0.844874,5,13 21 42 87 100,0.843911,0.844874,0.843962,0.843604,0.844789
hybrid_spladepp_medcpt,pubmedqa_artificial,gardian,recall@100,0.997255,0.000000,0.997255,0.997255,5,13 21 42 87 100,0.997255,0.997255,0.997255,0.997255,0.997255
hybrid_spladepp_medcpt,pubmedqa_artificial,gardian,recall@50,0.975332,0.000470,0.974839,0.976078,5,13 21 42 87 100,0.975297,0.976078,0.975395,0.974839,0.975049
hybrid_spladepp_medcpt,pubmedqa_artificial,global_alpha,alpha_sparse,0.390000,0.000000,0.390000,0.390000,5,13 21 42 87 100,0.390000,0.390000,0.390000,0.390000,0.390000
hybrid_spladepp_medcpt,pubmedqa_artificial,hybrid,ndcg@5,0.719892,0.000000,0.719892,0.719892,5,13 21 42 87 100,0.719892,0.719892,0.719892,0.719892,0.719892
hybrid_spladepp_medcpt,pubmedqa_artificial,hybrid,ndcg@10,0.759379,0.000000,0.759379,0.759379,5,13 21 42 87 100,0.759379,0.759379,0.759379,0.759379,0.759379
hybrid_spladepp_medcpt,pubmedqa_artificial,hybrid,ndcg@20,0.792910,0.000000,0.792910,0.792910,5,13 21 42 87 100,0.792910,0.792910,0.792910,0.792910,0.792910
hybrid_spladepp_medcpt,pubmedqa_artificial,hybrid,mrr,0.905437,0.000000,0.905437,0.905437,5,13 21 42 87 100,0.905437,0.905437,0.905437,0.905437,0.905437
hybrid_spladepp_medcpt,pubmedqa_artificial,hybrid,mrr@10,0.905437,0.000000,0.905437,0.905437,5,13 21 42 87 100,0.905437,0.905437,0.905437,0.905437,0.905437
hybrid_spladepp_medcpt,pubmedqa_artificial,hybrid,recall@5,0.700989,0.000000,0.700989,0.700989,5,13 21 42 87 100,0.700989,0.700989,0.700989,0.700989,0.700989
hybrid_spladepp_medcpt,pubmedqa_artificial,hybrid,recall@10,0.790391,0.000000,0.790391,0.790391,5,13 21 42 87 100,0.790391,0.790391,0.790391,0.790391,0.790391
hybrid_spladepp_medcpt,pubmedqa_artificial,hybrid,recall@20,0.886759,0.000000,0.886759,0.886759,5,13 21 42 87 100,0.886759,0.886759,0.886759,0.886759,0.886759
hybrid_spladepp_medcpt,pubmedqa_artificial,hybrid,hit@5,0.960808,0.000000,0.960808,0.960808,5,13 21 42 87 100,0.960808,0.960808,0.960808,0.960808,0.960808
hybrid_spladepp_medcpt,pubmedqa_artificial,hybrid,hit@10,0.976836,0.000000,0.976836,0.976836,5,13 21 42 87 100,0.976836,0.976836,0.976836,0.976836,0.976836
hybrid_spladepp_medcpt,pubmedqa_artificial,hybrid,hit@20,0.987320,0.000000,0.987320,0.987320,5,13 21 42 87 100,0.987320,0.987320,0.987320,0.987320,0.987320
hybrid_spladepp_medcpt,pubmedqa_artificial,hybrid,hit@50,0.992370,0.000000,0.992370,0.992370,5,13 21 42 87 100,0.992370,0.992370,0.992370,0.992370,0.992370
hybrid_spladepp_medcpt,pubmedqa_artificial,hybrid,ndcg@100,0.821258,0.000000,0.821258,0.821258,5,13 21 42 87 100,0.821258,0.821258,0.821258,0.821258,0.821258
hybrid_spladepp_medcpt,pubmedqa_artificial,hybrid,ndcg@50,0.812149,0.000000,0.812149,0.812149,5,13 21 42 87 100,0.812149,0.812149,0.812149,0.812149,0.812149
hybrid_spladepp_medcpt,pubmedqa_artificial,hybrid,recall@100,0.997255,0.000000,0.997255,0.997255,5,13 21 42 87 100,0.997255,0.997255,0.997255,0.997255,0.997255
hybrid_spladepp_medcpt,pubmedqa_artificial,hybrid,recall@50,0.956989,0.000000,0.956989,0.956989,5,13 21 42 87 100,0.956989,0.956989,0.956989,0.956989,0.956989
hybrid_spladepp_medcpt,pubmedqa_artificial,oracle_alpha,ndcg@10,0.846003,0.000000,0.846003,0.846003,5,13 21 42 87 100,0.846003,0.846003,0.846003,0.846003,0.846003
hybrid_spladepp_medcpt,pubmedqa_artificial,oracle_alpha,best_alpha_mean,0.106386,0.000000,0.106386,0.106386,5,13 21 42 87 100,0.106386,0.106386,0.106386,0.106386,0.106386
hybrid_spladepp_medcpt,pubmedqa_artificial,oracle_alpha,best_alpha_std,0.229738,0.000000,0.229738,0.229738,5,13 21 42 87 100,0.229738,0.229738,0.229738,0.229738,0.229738
hybrid_spladepp_medcpt,pubmedqa_artificial,oracle_alpha,invariant_fraction,0.180207,0.000000,0.180207,0.180207,5,13 21 42 87 100,0.180207,0.180207,0.180207,0.180207,0.180207
hybrid_spladepp_medcpt,pubmedqa_artificial,oracle_alpha,ndcg@10_gold_in_pool,0.848332,0.000000,0.848332,0.848332,5,13 21 42 87 100,0.848332,0.848332,0.848332,0.848332,0.848332
hybrid_spladepp_medcpt,pubmedqa_artificial,oracle_alpha,tie_fraction,0.431035,0.000000,0.431035,0.431035,5,13 21 42 87 100,0.431035,0.431035,0.431035,0.431035,0.431035
hybrid_spladepp_medcpt,pubmedqa_artificial,oracle_rerank,ndcg@10,0.997255,0.000000,0.997255,0.997255,5,13 21 42 87 100,0.997255,0.997255,0.997255,0.997255,0.997255
hybrid_spladepp_medcpt,pubmedqa_artificial,pool,recall,0.997255,0.000000,0.997255,0.997255,5,13 21 42 87 100,0.997255,0.997255,0.997255,0.997255,0.997255
hybrid_spladepp_medcpt,pubmedqa_artificial,rrf,ndcg@5,0.708427,0.000000,0.708427,0.708427,5,13 21 42 87 100,0.708427,0.708427,0.708427,0.708427,0.708427
hybrid_spladepp_medcpt,pubmedqa_artificial,rrf,ndcg@10,0.754316,0.000000,0.754316,0.754316,5,13 21 42 87 100,0.754316,0.754316,0.754316,0.754316,0.754316
hybrid_spladepp_medcpt,pubmedqa_artificial,rrf,ndcg@20,0.786313,0.000000,0.786313,0.786313,5,13 21 42 87 100,0.786313,0.786313,0.786313,0.786313,0.786313
hybrid_spladepp_medcpt,pubmedqa_artificial,rrf,mrr,0.895326,0.000000,0.895326,0.895326,5,13 21 42 87 100,0.895326,0.895326,0.895326,0.895326,0.895326
hybrid_spladepp_medcpt,pubmedqa_artificial,rrf,mrr@10,0.895326,0.000000,0.895326,0.895326,5,13 21 42 87 100,0.895326,0.895326,0.895326,0.895326,0.895326
hybrid_spladepp_medcpt,pubmedqa_artificial,rrf,recall@5,0.693710,0.000000,0.693710,0.693710,5,13 21 42 87 100,0.693710,0.693710,0.693710,0.693710,0.693710
hybrid_spladepp_medcpt,pubmedqa_artificial,rrf,recall@10,0.797444,0.000000,0.797444,0.797444,5,13 21 42 87 100,0.797444,0.797444,0.797444,0.797444,0.797444
hybrid_spladepp_medcpt,pubmedqa_artificial,rrf,recall@20,0.889283,0.000000,0.889283,0.889283,5,13 21 42 87 100,0.889283,0.889283,0.889283,0.889283,0.889283
hybrid_spladepp_medcpt,pubmedqa_artificial,rrf,hit@5,0.958832,0.000000,0.958832,0.958832,5,13 21 42 87 100,0.958832,0.958832,0.958832,0.958832,0.958832
hybrid_spladepp_medcpt,pubmedqa_artificial,rrf,hit@10,0.979526,0.000000,0.979526,0.979526,5,13 21 42 87 100,0.979526,0.979526,0.979526,0.979526,0.979526
hybrid_spladepp_medcpt,pubmedqa_artificial,rrf,hit@20,0.990394,0.000000,0.990394,0.990394,5,13 21 42 87 100,0.990394,0.990394,0.990394,0.990394,0.990394
hybrid_spladepp_medcpt,pubmedqa_artificial,rrf,hit@50,0.995554,0.000000,0.995554,0.995554,5,13 21 42 87 100,0.995554,0.995554,0.995554,0.995554,0.995554
hybrid_spladepp_medcpt,pubmedqa_artificial,rrf,ndcg@100,0.813788,0.000000,0.813788,0.813788,5,13 21 42 87 100,0.813788,0.813788,0.813788,0.813788,0.813788
hybrid_spladepp_medcpt,pubmedqa_artificial,rrf,ndcg@50,0.805470,0.000000,0.805470,0.805470,5,13 21 42 87 100,0.805470,0.805470,0.805470,0.805470,0.805470
hybrid_spladepp_medcpt,pubmedqa_artificial,rrf,recall@100,0.997255,0.000000,0.997255,0.997255,5,13 21 42 87 100,0.997255,0.997255,0.997255,0.997255,0.997255
hybrid_spladepp_medcpt,pubmedqa_artificial,rrf,recall@50,0.959769,0.000000,0.959769,0.959769,5,13 21 42 87 100,0.959769,0.959769,0.959769,0.959769,0.959769
hybrid_spladepp_medcpt,pubmedqa_artificial,sparse,ndcg@5,0.631896,0.000000,0.631896,0.631896,5,13 21 42 87 100,0.631896,0.631896,0.631896,0.631896,0.631896
hybrid_spladepp_medcpt,pubmedqa_artificial,sparse,ndcg@10,0.662160,0.000000,0.662160,0.662160,5,13 21 42 87 100,0.662160,0.662160,0.662160,0.662160,0.662160
hybrid_spladepp_medcpt,pubmedqa_artificial,sparse,ndcg@20,0.682424,0.000000,0.682424,0.682424,5,13 21 42 87 100,0.682424,0.682424,0.682424,0.682424,0.682424
hybrid_spladepp_medcpt,pubmedqa_artificial,sparse,mrr,0.856426,0.000000,0.856426,0.856426,5,13 21 42 87 100,0.856426,0.856426,0.856426,0.856426,0.856426
hybrid_spladepp_medcpt,pubmedqa_artificial,sparse,mrr@10,0.856426,0.000000,0.856426,0.856426,5,13 21 42 87 100,0.856426,0.856426,0.856426,0.856426,0.856426
hybrid_spladepp_medcpt,pubmedqa_artificial,sparse,recall@5,0.604193,0.000000,0.604193,0.604193,5,13 21 42 87 100,0.604193,0.604193,0.604193,0.604193,0.604193
hybrid_spladepp_medcpt,pubmedqa_artificial,sparse,recall@10,0.672625,0.000000,0.672625,0.672625,5,13 21 42 87 100,0.672625,0.672625,0.672625,0.672625,0.672625
hybrid_spladepp_medcpt,pubmedqa_artificial,sparse,recall@20,0.731332,0.000000,0.731332,0.731332,5,13 21 42 87 100,0.731332,0.731332,0.731332,0.731332,0.731332
hybrid_spladepp_medcpt,pubmedqa_artificial,sparse,hit@5,0.928093,0.000000,0.928093,0.928093,5,13 21 42 87 100,0.928093,0.928093,0.928093,0.928093,0.928093
hybrid_spladepp_medcpt,pubmedqa_artificial,sparse,hit@10,0.953288,0.000000,0.953288,0.953288,5,13 21 42 87 100,0.953288,0.953288,0.953288,0.953288,0.953288
hybrid_spladepp_medcpt,pubmedqa_artificial,sparse,hit@20,0.969206,0.000000,0.969206,0.969206,5,13 21 42 87 100,0.969206,0.969206,0.969206,0.969206,0.969206
hybrid_spladepp_medcpt,pubmedqa_artificial,sparse,hit@50,0.983917,0.000000,0.983917,0.983917,5,13 21 42 87 100,0.983917,0.983917,0.983917,0.983917,0.983917
hybrid_spladepp_medcpt,pubmedqa_artificial,sparse,ndcg@100,0.743923,0.000000,0.743923,0.743923,5,13 21 42 87 100,0.743923,0.743923,0.743923,0.743923,0.743923
hybrid_spladepp_medcpt,pubmedqa_artificial,sparse,ndcg@50,0.702866,0.000000,0.702866,0.702866,5,13 21 42 87 100,0.702866,0.702866,0.702866,0.702866,0.702866
hybrid_spladepp_medcpt,pubmedqa_artificial,sparse,recall@100,0.997255,0.000000,0.997255,0.997255,5,13 21 42 87 100,0.997255,0.997255,0.997255,0.997255,0.997255
hybrid_spladepp_medcpt,pubmedqa_artificial,sparse,recall@50,0.806804,0.000000,0.806804,0.806804,5,13 21 42 87 100,0.806804,0.806804,0.806804,0.806804,0.806804
hybrid_spladepp_medcpt,pubmedqa_labeled,dense,ndcg@5,0.886578,0.000000,0.886578,0.886578,5,13 21 42 87 100,0.886578,0.886578,0.886578,0.886578,0.886578
hybrid_spladepp_medcpt,pubmedqa_labeled,dense,ndcg@10,0.913300,0.000000,0.913300,0.913300,5,13 21 42 87 100,0.913300,0.913300,0.913300,0.913300,0.913300
hybrid_spladepp_medcpt,pubmedqa_labeled,dense,ndcg@20,0.927147,0.000000,0.927147,0.927147,5,13 21 42 87 100,0.927147,0.927147,0.927147,0.927147,0.927147
hybrid_spladepp_medcpt,pubmedqa_labeled,dense,mrr,0.982220,0.000000,0.982220,0.982220,5,13 21 42 87 100,0.982220,0.982220,0.982220,0.982220,0.982220
hybrid_spladepp_medcpt,pubmedqa_labeled,dense,mrr@10,0.982220,0.000000,0.982220,0.982220,5,13 21 42 87 100,0.982220,0.982220,0.982220,0.982220,0.982220
hybrid_spladepp_medcpt,pubmedqa_labeled,dense,recall@5,0.869705,0.000000,0.869705,0.869705,5,13 21 42 87 100,0.869705,0.869705,0.869705,0.869705,0.869705
hybrid_spladepp_medcpt,pubmedqa_labeled,dense,recall@10,0.929917,0.000000,0.929917,0.929917,5,13 21 42 87 100,0.929917,0.929917,0.929917,0.929917,0.929917
hybrid_spladepp_medcpt,pubmedqa_labeled,dense,recall@20,0.966907,0.000000,0.966907,0.966907,5,13 21 42 87 100,0.966907,0.966907,0.966907,0.966907,0.966907
hybrid_spladepp_medcpt,pubmedqa_labeled,dense,hit@5,0.994000,0.000000,0.994000,0.994000,5,13 21 42 87 100,0.994000,0.994000,0.994000,0.994000,0.994000
hybrid_spladepp_medcpt,pubmedqa_labeled,dense,hit@10,0.997000,0.000000,0.997000,0.997000,5,13 21 42 87 100,0.997000,0.997000,0.997000,0.997000,0.997000
hybrid_spladepp_medcpt,pubmedqa_labeled,dense,hit@20,0.999000,0.000000,0.999000,0.999000,5,13 21 42 87 100,0.999000,0.999000,0.999000,0.999000,0.999000
hybrid_spladepp_medcpt,pubmedqa_labeled,dense,hit@50,1.000000,0.000000,1.000000,1.000000,5,13 21 42 87 100,1.000000,1.000000,1.000000,1.000000,1.000000
hybrid_spladepp_medcpt,pubmedqa_labeled,dense,ndcg@100,0.936518,0.000000,0.936518,0.936518,5,13 21 42 87 100,0.936518,0.936518,0.936518,0.936518,0.936518
hybrid_spladepp_medcpt,pubmedqa_labeled,dense,ndcg@50,0.934646,0.000000,0.934646,0.934646,5,13 21 42 87 100,0.934646,0.934646,0.934646,0.934646,0.934646
hybrid_spladepp_medcpt,pubmedqa_labeled,dense,recall@100,1.000000,0.000000,1.000000,1.000000,5,13 21 42 87 100,1.000000,1.000000,1.000000,1.000000,1.000000
hybrid_spladepp_medcpt,pubmedqa_labeled,dense,recall@50,0.992067,0.000000,0.992067,0.992067,5,13 21 42 87 100,0.992067,0.992067,0.992067,0.992067,0.992067
hybrid_spladepp_medcpt,pubmedqa_labeled,gardian,ndcg@5,0.893604,0.002015,0.890366,0.895119,5,13 21 42 87 100,0.890366,0.894632,0.892912,0.894994,0.895119
hybrid_spladepp_medcpt,pubmedqa_labeled,gardian,ndcg@10,0.918238,0.002893,0.914347,0.920724,5,13 21 42 87 100,0.914347,0.919831,0.915952,0.920334,0.920724
hybrid_spladepp_medcpt,pubmedqa_labeled,gardian,ndcg@20,0.932978,0.002665,0.928972,0.935462,5,13 21 42 87 100,0.928972,0.934456,0.931585,0.935462,0.934414
hybrid_spladepp_medcpt,pubmedqa_labeled,gardian,mrr,0.991575,0.000499,0.990684,0.991823,5,13 21 42 87 100,0.990684,0.991779,0.991806,0.991823,0.991785
hybrid_spladepp_medcpt,pubmedqa_labeled,gardian,mrr@10,0.991575,0.000499,0.990684,0.991823,5,13 21 42 87 100,0.990684,0.991779,0.991806,0.991823,0.991785
hybrid_spladepp_medcpt,pubmedqa_labeled,gardian,recall@5,0.874495,0.002682,0.870021,0.876771,5,13 21 42 87 100,0.870021,0.875521,0.874121,0.876038,0.876771
hybrid_spladepp_medcpt,pubmedqa_labeled,gardian,recall@10,0.929327,0.004603,0.923407,0.934040,5,13 21 42 87 100,0.923407,0.931707,0.925490,0.931990,0.934040
hybrid_spladepp_medcpt,pubmedqa_labeled,gardian,recall@20,0.968765,0.003828,0.962695,0.972181,5,13 21 42 87 100,0.962695,0.970855,0.967379,0.972181,0.970714
hybrid_spladepp_medcpt,pubmedqa_labeled,gardian,hit@5,0.996200,0.000837,0.995000,0.997000,5,13 21 42 87 100,0.995000,0.996000,0.997000,0.997000,0.996000
hybrid_spladepp_medcpt,pubmedqa_labeled,gardian,hit@10,0.999000,0.000000,0.999000,0.999000,5,13 21 42 87 100,0.999000,0.999000,0.999000,0.999000,0.999000
hybrid_spladepp_medcpt,pubmedqa_labeled,gardian,hit@20,0.999600,0.000548,0.999000,1.000000,5,13 21 42 87 100,1.000000,1.000000,0.999000,0.999000,1.000000
hybrid_spladepp_medcpt,pubmedqa_labeled,gardian,hit@50,1.000000,0.000000,1.000000,1.000000,5,13 21 42 87 100,1.000000,1.000000,1.000000,1.000000,1.000000
hybrid_spladepp_medcpt,pubmedqa_labeled,gardian,ndcg@100,0.942004,0.001450,0.939911,0.943311,5,13 21 42 87 100,0.939911,0.942859,0.941077,0.943311,0.942862
hybrid_spladepp_medcpt,pubmedqa_labeled,gardian,ndcg@50,0.940413,0.001254,0.938496,0.941469,5,13 21 42 87 100,0.938496,0.941103,0.939788,0.941469,0.941208
hybrid_spladepp_medcpt,pubmedqa_labeled,gardian,recall@100,1.000000,0.000000,1.000000,1.000000,5,13 21 42 87 100,1.000000,1.000000,1.000000,1.000000,1.000000
hybrid_spladepp_medcpt,pubmedqa_labeled,gardian,recall@50,0.993663,0.000936,0.992567,0.994833,5,13 21 42 87 100,0.994417,0.993133,0.994833,0.992567,0.993367
hybrid_spladepp_medcpt,pubmedqa_labeled,global_alpha,alpha_sparse,0.390000,0.000000,0.390000,0.390000,5,13 21 42 87 100,0.390000,0.390000,0.390000,0.390000,0.390000
hybrid_spladepp_medcpt,pubmedqa_labeled,hybrid,ndcg@5,0.892915,0.000000,0.892915,0.892915,5,13 21 42 87 100,0.892915,0.892915,0.892915,0.892915,0.892915
hybrid_spladepp_medcpt,pubmedqa_labeled,hybrid,ndcg@10,0.913684,0.000000,0.913684,0.913684,5,13 21 42 87 100,0.913684,0.913684,0.913684,0.913684,0.913684
hybrid_spladepp_medcpt,pubmedqa_labeled,hybrid,ndcg@20,0.929937,0.000000,0.929937,0.929937,5,13 21 42 87 100,0.929937,0.929937,0.929937,0.929937,0.929937
hybrid_spladepp_medcpt,pubmedqa_labeled,hybrid,mrr,0.991618,0.000000,0.991618,0.991618,5,13 21 42 87 100,0.991618,0.991618,0.991618,0.991618,0.991618
hybrid_spladepp_medcpt,pubmedqa_labeled,hybrid,mrr@10,0.991618,0.000000,0.991618,0.991618,5,13 21 42 87 100,0.991618,0.991618,0.991618,0.991618,0.991618
hybrid_spladepp_medcpt,pubmedqa_labeled,hybrid,recall@5,0.872955,0.000000,0.872955,0.872955,5,13 21 42 87 100,0.872955,0.872955,0.872955,0.872955,0.872955
hybrid_spladepp_medcpt,pubmedqa_labeled,hybrid,recall@10,0.919707,0.000000,0.919707,0.919707,5,13 21 42 87 100,0.919707,0.919707,0.919707,0.919707,0.919707
hybrid_spladepp_medcpt,pubmedqa_labeled,hybrid,recall@20,0.963436,0.000000,0.963436,0.963436,5,13 21 42 87 100,0.963436,0.963436,0.963436,0.963436,0.963436
hybrid_spladepp_medcpt,pubmedqa_labeled,hybrid,hit@5,0.998000,0.000000,0.998000,0.998000,5,13 21 42 87 100,0.998000,0.998000,0.998000,0.998000,0.998000
hybrid_spladepp_medcpt,pubmedqa_labeled,hybrid,hit@10,0.999000,0.000000,0.999000,0.999000,5,13 21 42 87 100,0.999000,0.999000,0.999000,0.999000,0.999000
hybrid_spladepp_medcpt,pubmedqa_labeled,hybrid,hit@20,1.000000,0.000000,1.000000,1.000000,5,13 21 42 87 100,1.000000,1.000000,1.000000,1.000000,1.000000
hybrid_spladepp_medcpt,pubmedqa_labeled,hybrid,hit@50,1.000000,0.000000,1.000000,1.000000,5,13 21 42 87 100,1.000000,1.000000,1.000000,1.000000,1.000000
hybrid_spladepp_medcpt,pubmedqa_labeled,hybrid,ndcg@100,0.940621,0.000000,0.940621,0.940621,5,13 21 42 87 100,0.940621,0.940621,0.940621,0.940621,0.940621
hybrid_spladepp_medcpt,pubmedqa_labeled,hybrid,ndcg@50,0.938670,0.000000,0.938670,0.938670,5,13 21 42 87 100,0.938670,0.938670,0.938670,0.938670,0.938670
hybrid_spladepp_medcpt,pubmedqa_labeled,hybrid,recall@100,1.000000,0.000000,1.000000,1.000000,5,13 21 42 87 100,1.000000,1.000000,1.000000,1.000000,1.000000
hybrid_spladepp_medcpt,pubmedqa_labeled,hybrid,recall@50,0.992067,0.000000,0.992067,0.992067,5,13 21 42 87 100,0.992067,0.992067,0.992067,0.992067,0.992067
hybrid_spladepp_medcpt,pubmedqa_labeled,oracle_alpha,ndcg@10,0.948535,0.000000,0.948535,0.948535,5,13 21 42 87 100,0.948535,0.948535,0.948535,0.948535,0.948535
hybrid_spladepp_medcpt,pubmedqa_labeled,oracle_alpha,best_alpha_mean,0.056090,0.000000,0.056090,0.056090,5,13 21 42 87 100,0.056090,0.056090,0.056090,0.056090,0.056090
hybrid_spladepp_medcpt,pubmedqa_labeled,oracle_alpha,best_alpha_std,0.150501,0.000000,0.150501,0.150501,5,13 21 42 87 100,0.150501,0.150501,0.150501,0.150501,0.150501
hybrid_spladepp_medcpt,pubmedqa_labeled,oracle_alpha,invariant_fraction,0.364000,0.000000,0.364000,0.364000,5,13 21 42 87 100,0.364000,0.364000,0.364000,0.364000,0.364000
hybrid_spladepp_medcpt,pubmedqa_labeled,oracle_alpha,ndcg@10_gold_in_pool,0.948535,0.000000,0.948535,0.948535,5,13 21 42 87 100,0.948535,0.948535,0.948535,0.948535,0.948535
hybrid_spladepp_medcpt,pubmedqa_labeled,oracle_alpha,tie_fraction,0.612089,0.000000,0.612089,0.612089,5,13 21 42 87 100,0.612089,0.612089,0.612089,0.612089,0.612089
hybrid_spladepp_medcpt,pubmedqa_labeled,oracle_rerank,ndcg@10,1.000000,0.000000,1.000000,1.000000,5,13 21 42 87 100,1.000000,1.000000,1.000000,1.000000,1.000000
hybrid_spladepp_medcpt,pubmedqa_labeled,pool,recall,1.000000,0.000000,1.000000,1.000000,5,13 21 42 87 100,1.000000,1.000000,1.000000,1.000000,1.000000
hybrid_spladepp_medcpt,pubmedqa_labeled,rrf,ndcg@5,0.877380,0.000000,0.877380,0.877380,5,13 21 42 87 100,0.877380,0.877380,0.877380,0.877380,0.877380
hybrid_spladepp_medcpt,pubmedqa_labeled,rrf,ndcg@10,0.903503,0.000000,0.903503,0.903503,5,13 21 42 87 100,0.903503,0.903503,0.903503,0.903503,0.903503
hybrid_spladepp_medcpt,pubmedqa_labeled,rrf,ndcg@20,0.921580,0.000000,0.921580,0.921580,5,13 21 42 87 100,0.921580,0.921580,0.921580,0.921580,0.921580
hybrid_spladepp_medcpt,pubmedqa_labeled,rrf,mrr,0.987769,0.000000,0.987769,0.987769,5,13 21 42 87 100,0.987769,0.987769,0.987769,0.987769,0.987769
hybrid_spladepp_medcpt,pubmedqa_labeled,rrf,mrr@10,0.987769,0.000000,0.987769,0.987769,5,13 21 42 87 100,0.987769,0.987769,0.987769,0.987769,0.987769
hybrid_spladepp_medcpt,pubmedqa_labeled,rrf,recall@5,0.856388,0.000000,0.856388,0.856388,5,13 21 42 87 100,0.856388,0.856388,0.856388,0.856388,0.856388
hybrid_spladepp_medcpt,pubmedqa_labeled,rrf,recall@10,0.914674,0.000000,0.914674,0.914674,5,13 21 42 87 100,0.914674,0.914674,0.914674,0.914674,0.914674
hybrid_spladepp_medcpt,pubmedqa_labeled,rrf,recall@20,0.963452,0.000000,0.963452,0.963452,5,13 21 42 87 100,0.963452,0.963452,0.963452,0.963452,0.963452
hybrid_spladepp_medcpt,pubmedqa_labeled,rrf,hit@5,0.997000,0.000000,0.997000,0.997000,5,13 21 42 87 100,0.997000,0.997000,0.997000,0.997000,0.997000
hybrid_spladepp_medcpt,pubmedqa_labeled,rrf,hit@10,0.999000,0.000000,0.999000,0.999000,5,13 21 42 87 100,0.999000,0.999000,0.999000,0.999000,0.999000
hybrid_spladepp_medcpt,pubmedqa_labeled,rrf,hit@20,0.999000,0.000000,0.999000,0.999000,5,13 21 42 87 100,0.999000,0.999000,0.999000,0.999000,0.999000
hybrid_spladepp_medcpt,pubmedqa_labeled,rrf,hit@50,1.000000,0.000000,1.000000,1.000000,5,13 21 42 87 100,1.000000,1.000000,1.000000,1.000000,1.000000
hybrid_spladepp_medcpt,pubmedqa_labeled,rrf,ndcg@100,0.932042,0.000000,0.932042,0.932042,5,13 21 42 87 100,0.932042,0.932042,0.932042,0.932042,0.932042
hybrid_spladepp_medcpt,pubmedqa_labeled,rrf,ndcg@50,0.929774,0.000000,0.929774,0.929774,5,13 21 42 87 100,0.929774,0.929774,0.929774,0.929774,0.929774
hybrid_spladepp_medcpt,pubmedqa_labeled,rrf,recall@100,1.000000,0.000000,1.000000,1.000000,5,13 21 42 87 100,1.000000,1.000000,1.000000,1.000000,1.000000
hybrid_spladepp_medcpt,pubmedqa_labeled,rrf,recall@50,0.990817,0.000000,0.990817,0.990817,5,13 21 42 87 100,0.990817,0.990817,0.990817,0.990817,0.990817
hybrid_spladepp_medcpt,pubmedqa_labeled,sparse,ndcg@5,0.830305,0.000000,0.830305,0.830305,5,13 21 42 87 100,0.830305,0.830305,0.830305,0.830305,0.830305
hybrid_spladepp_medcpt,pubmedqa_labeled,sparse,ndcg@10,0.853219,0.000000,0.853219,0.853219,5,13 21 42 87 100,0.853219,0.853219,0.853219,0.853219,0.853219
hybrid_spladepp_medcpt,pubmedqa_labeled,sparse,ndcg@20,0.867292,0.000000,0.867292,0.867292,5,13 21 42 87 100,0.867292,0.867292,0.867292,0.867292,0.867292
hybrid_spladepp_medcpt,pubmedqa_labeled,sparse,mrr,0.979273,0.000000,0.979273,0.979273,5,13 21 42 87 100,0.979273,0.979273,0.979273,0.979273,0.979273
hybrid_spladepp_medcpt,pubmedqa_labeled,sparse,mrr@10,0.979273,0.000000,0.979273,0.979273,5,13 21 42 87 100,0.979273,0.979273,0.979273,0.979273,0.979273
hybrid_spladepp_medcpt,pubmedqa_labeled,sparse,recall@5,0.801221,0.000000,0.801221,0.801221,5,13 21 42 87 100,0.801221,0.801221,0.801221,0.801221,0.801221
hybrid_spladepp_medcpt,pubmedqa_labeled,sparse,recall@10,0.851988,0.000000,0.851988,0.851988,5,13 21 42 87 100,0.851988,0.851988,0.851988,0.851988,0.851988
hybrid_spladepp_medcpt,pubmedqa_labeled,sparse,recall@20,0.890000,0.000000,0.890000,0.890000,5,13 21 42 87 100,0.890000,0.890000,0.890000,0.890000,0.890000
hybrid_spladepp_medcpt,pubmedqa_labeled,sparse,hit@5,0.991000,0.000000,0.991000,0.991000,5,13 21 42 87 100,0.991000,0.991000,0.991000,0.991000,0.991000
hybrid_spladepp_medcpt,pubmedqa_labeled,sparse,hit@10,0.994000,0.000000,0.994000,0.994000,5,13 21 42 87 100,0.994000,0.994000,0.994000,0.994000,0.994000
hybrid_spladepp_medcpt,pubmedqa_labeled,sparse,hit@20,0.995000,0.000000,0.995000,0.995000,5,13 21 42 87 100,0.995000,0.995000,0.995000,0.995000,0.995000
hybrid_spladepp_medcpt,pubmedqa_labeled,sparse,hit@50,0.998000,0.000000,0.998000,0.998000,5,13 21 42 87 100,0.998000,0.998000,0.998000,0.998000,0.998000
hybrid_spladepp_medcpt,pubmedqa_labeled,sparse,ndcg@100,0.895019,0.000000,0.895019,0.895019,5,13 21 42 87 100,0.895019,0.895019,0.895019,0.895019,0.895019
hybrid_spladepp_medcpt,pubmedqa_labeled,sparse,ndcg@50,0.878718,0.000000,0.878718,0.878718,5,13 21 42 87 100,0.878718,0.878718,0.878718,0.878718,0.878718
hybrid_spladepp_medcpt,pubmedqa_labeled,sparse,recall@100,1.000000,0.000000,1.000000,1.000000,5,13 21 42 87 100,1.000000,1.000000,1.000000,1.000000,1.000000
hybrid_spladepp_medcpt,pubmedqa_labeled,sparse,recall@50,0.929660,0.000000,0.929660,0.929660,5,13 21 42 87 100,0.929660,0.929660,0.929660,0.929660,0.929660
